,Time[s]
0,202
1,330
2,940
3,42
4,982
5,538
6,617
7,764
8,472
9,568
10,934
11,3
12,762
13,492
14,16
15,739
16,475
17,122
18,563
19,359
20,825
21,615
22,666
23,215
24,929
25,556
26,439
27,814
28,471
29,321
30,610
31,372
32,968
33,417
34,107
35,698
36,477
37,49
38,126
39,285
40,947
41,417
42,703
43,353
44,538
45,950
46,2
47,393
48,990
49,89
50,442
51,53
52,171
53,517
54,721
55,797
56,4
57,575
58,378
59,615
60,539
61,830
62,332
63,261
64,539
65,796
66,305
67,863
68,914
69,635
70,628
71,529
72,943
73,653
74,526
75,315
76,782
77,952
78,182
79,931
80,294
81,379
82,287
83,125
84,888
85,153
86,755
87,206
88,968
89,904
90,0
91,654
92,170
93,95
94,246
95,368
96,375
97,186
98,737
99,327
100,642
101,96
102,480
103,779
104,528
105,541
106,932
107,621
108,784
109,570
110,840
111,30
112,224
113,222
114,692
115,692
116,273
117,803
118,172
119,473
120,620
121,191
122,554
123,651
124,654
125,432
126,86
127,180
128,412
129,157
130,436
131,632
132,495
133,991
134,776
135,508
136,159
137,922
138,169
139,737
140,717
141,582
142,331
143,774
144,424
145,993
146,442
147,909
148,740
149,784
150,964
151,333
152,196
153,886
154,270
155,889
156,764
157,194
158,268
159,265
160,504
161,104
162,632
163,386
164,574
165,683
166,223
167,937
168,608
169,775
170,453
171,913
172,903
173,63
174,510
175,96
176,377
177,829
178,205
179,671
180,966
181,305
182,801
183,459
184,714
185,513
186,702
187,676
188,703
189,271
190,734
191,33
192,150
193,842
194,657
195,371
196,182
197,808
198,997
199,477
200,161
201,874
202,92
203,314
204,290
205,896
206,803
207,212
208,479
209,634
210,768
211,47
212,327
213,875
214,597
215,970
216,981
217,467
218,770
219,874
220,323
221,698
222,743
223,942
224,850
225,862
226,610
227,584
228,102
229,96
230,914
231,731
232,749
233,161
234,458
235,440
236,622
237,668
238,493
239,958
240,24
241,199
242,216
243,678
244,85
245,886
246,166
247,917
248,118
249,473
250,827
251,658
252,114
253,626
254,896
255,437
256,157
257,621
258,964
259,192
260,674
261,37
262,184
263,999
264,552
265,812
266,346
267,815
268,416
269,457
270,216
271,155
272,593
273,208
274,687
275,566
276,750
277,862
278,689
279,354
280,121
281,495
282,852
283,359
284,89
285,982
286,863
287,877
288,344
289,642
290,276
291,756
292,202
293,953
294,749
295,911
296,37
297,717
298,500
299,314
300,129
301,757
302,698
303,674
304,632
305,818
306,462
307,153
308,846
309,597
310,554
311,624
312,596
313,659
314,601
315,117
316,711
317,678
318,529
319,808
320,671
321,989
322,3
323,684
324,144
325,360
326,350
327,887
328,194
329,179
330,118
331,266
332,312
333,963
334,661
335,421
336,625
337,742
338,182
339,18
340,462
341,585
342,274
343,859
344,94
345,734
346,674
347,153
348,891
349,498
350,24
351,379
352,648
353,225
354,566
355,533
356,842
357,258
358,968
359,423
360,50
361,607
362,971
363,788
364,416
365,635
366,513
367,207
368,304
369,63
370,192
371,549
372,601
373,441
374,650
375,950
376,262
377,688
378,728
379,89
380,322
381,81
382,711
383,88
384,858
385,192
386,409
387,113
388,426
389,142
390,811
391,57
392,320
393,628
394,798
395,979
396,745
397,33
398,659
399,228
400,831
401,695
402,777
403,28
404,758
405,117
406,310
407,88
408,668
409,984
410,891
411,270
412,712
413,950
414,125
415,553
416,681
417,875
418,790
419,922
420,15
421,972
422,255
423,540
424,784
425,458
426,387
427,456
428,493
429,858
430,23
431,726
432,744
433,328
434,199
435,33
436,13
437,908
438,116
439,162
440,491
441,157
442,139
443,455
444,768
445,884
446,185
447,383
448,505
449,605
450,38
451,256
452,269
453,725
454,505
455,115
456,334
457,410
458,497
459,882
460,179
461,381
462,88
463,759
464,644
465,374
466,817
467,585
468,197
469,41
470,23
471,368
472,836
473,562
474,709
475,664
476,876
477,215
478,146
479,20
480,197
481,935
482,508
483,594
484,837
485,607
486,840
487,771
488,494
489,504
490,648
491,758
492,102
493,977
494,653
495,738
496,306
497,793
498,926
499,776
500,182
501,549
502,832
503,946
504,301
505,42
506,962
507,400
508,808
509,940
510,143
511,38
512,465
513,935
514,743
515,757
516,945
517,124
518,424
519,916
520,1
521,108
522,547
523,729
524,750
525,375
526,127
527,912
528,54
529,805
530,321
531,586
532,287
533,829
534,488
535,917
536,197
537,578
538,902
539,968
540,694
541,703
542,423
543,125
544,404
545,959
546,830
547,274
548,282
549,742
550,152
551,934
552,152
553,308
554,383
555,370
556,607
557,284
558,37
559,408
560,97
561,965
562,445
563,614
564,683
565,85
566,920
567,68
568,997
569,693
570,844
571,865
572,150
573,495
574,987
575,21
576,714
577,504
578,499
579,367
580,154
581,905
582,620
583,785
584,575
585,80
586,45
587,608
588,922
589,762
590,938
591,76
592,669
593,679
594,107
595,894
596,316
597,103
598,734
599,181
600,598
601,526
602,316
603,490
604,312
605,445
606,163
607,403
608,494
609,453
610,221
611,50
612,584
613,451
614,805
615,379
616,596
617,345
618,416
619,312
620,407
621,224
622,765
623,632
624,63
625,327
626,943
627,979
628,251
629,171
630,868
631,395
632,972
633,292
634,827
635,645
636,24
637,113
638,734
639,396
640,440
641,75
642,478
643,784
644,365
645,0
646,238
647,680
648,179
649,676
650,723
651,289
652,584
653,211
654,671
655,330
656,661
657,965
658,981
659,375
660,631
661,174
662,903
663,786
664,158
665,268
666,382
667,86
668,567
669,650
670,432
671,375
672,677
673,317
674,916
675,749
676,532
677,303
678,927
679,633
680,463
681,963
682,129
683,805
684,810
685,40
686,479
687,61
688,423
689,290
690,164
691,514
692,881
693,771
694,126
695,800
696,372
697,887
698,678
699,450
700,63
701,149
702,550
703,679
704,233
705,482
706,864
707,272
708,888
709,839
710,854
711,219
712,478
713,128
714,894
715,741
716,611
717,624
718,169
719,340
720,98
721,100
722,172
723,394
724,43
725,831
726,753
727,636
728,372
729,207
730,582
731,640
732,993
733,978
734,884
735,767
736,460
737,599
738,788
739,961
740,237
741,789
742,338
743,280
744,670
745,885
746,279
747,391
748,715
749,236
750,72
751,48
752,578
753,390
754,829
755,355
756,626
757,729
758,401
759,4
760,883
761,17
762,164
763,315
764,541
765,252
766,619
767,492
768,31
769,735
770,447
771,131
772,607
773,62
774,857
775,492
776,976
777,803
778,246
779,567
780,622
781,737
782,964
783,913
784,49
785,402
786,773
787,87
788,551
789,483
790,706
791,698
792,990
793,475
794,105
795,718
796,541
797,280
798,399
799,147
800,626
801,949
802,201
803,757
804,527
805,552
806,535
807,184
808,810
809,676
810,799
811,528
812,952
813,361
814,305
815,326
816,563
817,450
818,118
819,324
820,328
821,672
822,940
823,241
824,401
825,152
826,624
827,158
828,606
829,594
830,48
831,888
832,953
833,636
834,462
835,541
836,785
837,240
838,354
839,541
840,585
841,508
842,236
843,859
844,401
845,627
846,950
847,349
848,64
849,251
850,276
851,402
852,117
853,792
854,557
855,144
856,495
857,188
858,784
859,261
860,245
861,124
862,932
863,856
864,965
865,681
866,245
867,467
868,655
869,837
870,981
871,957
872,745
873,265
874,833
875,677
876,34
877,700
878,41
879,847
880,117
881,463
882,327
883,248
884,672
885,174
886,611
887,476
888,157
889,532
890,914
891,801
892,671
893,870
894,763
895,876
896,477
897,871
898,468
899,176
900,605
901,122
902,100
903,374
904,332
905,525
906,87
907,867
908,689
909,477
910,667
911,281
912,656
913,52
914,222
915,40
916,775
917,746
918,419
919,701
920,766
921,616
922,481
923,631
924,7
925,839
926,173
927,421
928,507
929,660
930,431
931,423
932,377
933,68
934,717
935,885
936,419
937,425
938,671
939,666
940,83
941,746
942,919
943,78
944,616
945,624
946,30
947,360
948,89
949,327
950,354
951,232
952,17
953,84
954,665
955,319
956,914
957,22
958,435
959,682
960,556
961,811
962,42
963,853
964,366
965,256
966,454
967,197
968,66
969,217
970,293
971,820
972,990
973,278
974,24
975,743
976,367
977,568
978,243
979,365
980,735
981,435
982,104
983,899
984,871
985,588
986,158
987,914
988,660
989,814
990,302
991,72
992,641
993,398
994,618
995,405
996,632
997,967
998,211
999,315
1000,230
1001,162
1002,448
1003,921
1004,963
1005,564
1006,401
1007,12
1008,201
1009,235
1010,163
1011,315
1012,903
1013,655
1014,621
1015,718
1016,578
1017,295
1018,760
1019,219
1020,946
1021,441
1022,502
1023,860
1024,628
1025,332
1026,285
1027,533
1028,364
1029,759
1030,665
1031,174
1032,353
1033,852
1034,702
1035,455
1036,450
1037,560
1038,49
1039,795
1040,522
1041,982
1042,811
1043,999
1044,573
1045,461
1046,826
1047,634
1048,784
1049,824
1050,371
1051,436
1052,508
1053,349
1054,26
1055,93
1056,746
1057,608
1058,552
1059,168
1060,532
1061,56
1062,114
1063,660
1064,411
1065,192
1066,186
1067,541
1068,730
1069,691
1070,933
1071,198
1072,328
1073,913
1074,854
1075,586
1076,926
1077,34
1078,487
1079,452
1080,697
1081,879
1082,943
1083,315
1084,200
1085,599
1086,942
1087,398
1088,760
1089,303
1090,553
1091,448
1092,783
1093,678
1094,371
1095,293
1096,37
1097,891
1098,699
1099,378
1100,384
1101,150
1102,327
1103,614
1104,299
1105,161
1106,443
1107,647
1108,215
1109,833
1110,919
1111,492
1112,805
1113,67
1114,989
1115,521
1116,650
1117,217
1118,62
1119,534
1120,354
1121,697
1122,384
1123,790
1124,436
1125,295
1126,120
1127,849
1128,407
1129,944
1130,919
1131,921
1132,854
1133,756
1134,63
1135,312
1136,172
1137,894
1138,223
1139,79
1140,8
1141,798
1142,684
1143,709
1144,373
1145,790
1146,97
1147,374
1148,95
1149,765
1150,235
1151,575
1152,700
1153,772
1154,605
1155,444
1156,171
1157,945
1158,238
1159,794
1160,66
1161,859
1162,851
1163,116
1164,58
1165,77
1166,440
1167,348
1168,587
1169,825
1170,794
1171,820
1172,210
1173,264
1174,411
1175,184
1176,574
1177,760
1178,642
1179,338
1180,245
1181,880
1182,138
1183,727
1184,998
1185,171
1186,14
1187,169
1188,835
1189,973
1190,477
1191,295
1192,820
1193,84
1194,814
1195,6
1196,674
1197,780
1198,28
1199,431
1200,908
1201,658
1202,460
1203,956
1204,689
1205,676
1206,728
1207,940
1208,959
1209,697
1210,535
1211,332
1212,497
1213,419
1214,694
1215,690
1216,195
1217,986
1218,346
1219,196
1220,324
1221,31
1222,171
1223,585
1224,258
1225,610
1226,269
1227,395
1228,444
1229,125
1230,760
1231,212
1232,675
1233,53
1234,581
1235,741
1236,241
1237,939
1238,531
1239,333
1240,713
1241,336
1242,0
1243,938
1244,956
1245,401
1246,789
1247,27
1248,904
1249,655
1250,770
1251,269
1252,698
1253,436
1254,553
1255,842
1256,572
1257,393
1258,673
1259,881
1260,568
1261,314
1262,138
1263,332
1264,820
1265,825
1266,131
1267,173
1268,530
1269,621
1270,208
1271,292
1272,959
1273,471
1274,497
1275,377
1276,769
1277,896
1278,230
1279,243
1280,179
1281,695
1282,244
1283,436
1284,600
1285,838
1286,304
1287,385
1288,849
1289,710
1290,292
1291,659
1292,119
1293,993
1294,639
1295,655
1296,443
1297,82
1298,907
1299,815
1300,775
1301,964
1302,189
1303,827
1304,916
1305,65
1306,286
1307,858
1308,718
1309,731
1310,336
1311,328
1312,836
1313,245
1314,955
1315,801
1316,536
1317,167
1318,908
1319,779
1320,340
1321,663
1322,911
1323,297
1324,870
1325,744
1326,482
1327,402
1328,191
1329,782
1330,624
1331,563
1332,836
1333,367
1334,41
1335,364
1336,376
1337,619
1338,38
1339,847
1340,142
1341,561
1342,1
1343,53
1344,996
1345,400
1346,927
1347,875
1348,338
1349,15
1350,202
1351,505
1352,110
1353,155
1354,559
1355,604
1356,113
1357,562
1358,668
1359,250
1360,278
1361,207
1362,221
1363,381
1364,664
1365,639
1366,423
1367,950
1368,478
1369,601
1370,606
1371,980
1372,867
1373,381
1374,462
1375,344
1376,334
1377,8
1378,841
1379,560
1380,530
1381,811
1382,200
1383,876
1384,346
1385,300
1386,959
1387,946
1388,830
1389,910
1390,21
1391,521
1392,451
1393,424
1394,210
1395,520
1396,793
1397,806
1398,460
1399,285
1400,409
1401,490
1402,670
1403,141
1404,49
1405,140
1406,814
1407,37
1408,442
1409,658
1410,424
1411,967
1412,183
1413,626
1414,580
1415,835
1416,830
1417,638
1418,12
1419,422
1420,334
1421,487
1422,100
1423,658
1424,402
1425,147
1426,465
1427,469
1428,407
1429,896
1430,714
1431,693
1432,433
1433,524
1434,951
1435,989
1436,186
1437,523
1438,978
1439,470
1440,678
1441,660
1442,181
1443,260
1444,80
1445,757
1446,757
1447,415
1448,249
1449,810
1450,571
1451,624
1452,414
1453,719
1454,35
1455,635
1456,234
1457,629
1458,172
1459,510
1460,865
1461,437
1462,57
1463,558
1464,665
1465,559
1466,443
1467,631
1468,357
1469,133
1470,125
1471,652
1472,796
1473,392
1474,256
1475,608
1476,880
1477,635
1478,546
1479,188
1480,355
1481,762
1482,446
1483,127
1484,16
1485,616
1486,788
1487,837
1488,216
1489,565
1490,358
1491,676
1492,894
1493,116
1494,283
1495,188
1496,901
1497,592
1498,512
1499,210
1500,627
1501,762
1502,328
1503,906
1504,665
1505,256
1506,454
1507,833
1508,177
1509,29
1510,190
1511,532
1512,644
1513,386
1514,9
1515,709
1516,755
1517,111
1518,410
1519,945
1520,979
1521,659
1522,259
1523,807
1524,627
1525,189
1526,215
1527,320
1528,266
1529,989
1530,151
1531,115
1532,615
1533,522
1534,674
1535,208
1536,985
1537,950
1538,605
1539,553
1540,204
1541,100
1542,771
1543,187
1544,247
1545,313
1546,806
1547,835
1548,424
1549,731
1550,503
1551,647
1552,464
1553,451
1554,211
1555,345
1556,714
1557,624
1558,666
1559,175
1560,149
1561,188
1562,878
1563,369
1564,197
1565,505
1566,878
1567,288
1568,864
1569,768
1570,280
1571,976
1572,443
1573,877
1574,382
1575,42
1576,622
1577,614
1578,452
1579,349
1580,821
1581,832
1582,292
1583,752
1584,639
1585,217
1586,99
1587,478
1588,969
1589,568
1590,6
1591,994
1592,926
1593,756
1594,62
1595,217
1596,472
1597,585
1598,553
1599,206
1600,522
1601,385
1602,338
1603,877
1604,976
1605,64
1606,421
1607,907
1608,799
1609,959
1610,655
1611,371
1612,880
1613,628
1614,252
1615,443
1616,353
1617,349
1618,603
1619,53
1620,977
1621,904
1622,686
1623,605
1624,426
1625,59
1626,392
1627,618
1628,171
1629,548
1630,353
1631,63
1632,575
1633,764
1634,174
1635,32
1636,852
1637,163
1638,401
1639,124
1640,653
1641,321
1642,21
1643,344
1644,473
1645,755
1646,973
1647,455
1648,697
1649,136
1650,627
1651,389
1652,676
1653,950
1654,527
1655,246
1656,215
1657,929
1658,843
1659,548
1660,188
1661,828
1662,993
1663,75
1664,903
1665,967
1666,929
1667,564
1668,617
1669,581
1670,895
1671,587
1672,677
1673,985
1674,768
1675,678
1676,383
1677,109
1678,519
1679,740
1680,880
1681,9
1682,370
1683,317
1684,572
1685,96
1686,617
1687,617
1688,598
1689,631
1690,387
1691,108
1692,258
1693,875
1694,943
1695,283
1696,428
1697,25
1698,258
1699,569
1700,837
1701,403
1702,866
1703,795
1704,609
1705,891
1706,760
1707,369
1708,525
1709,618
1710,877
1711,603
1712,89
1713,934
1714,477
1715,54
1716,657
1717,686
1718,276
1719,983
1720,706
1721,575
1722,644
1723,58
1724,590
1725,73
1726,364
1727,406
1728,986
1729,794
1730,327
1731,210
1732,680
1733,979
1734,56
1735,392
1736,768
1737,605
1738,532
1739,892
1740,540
1741,281
1742,332
1743,648
1744,19
1745,178
1746,127
1747,286
1748,464
1749,408
1750,6
1751,456
1752,746
1753,939
1754,147
1755,636
1756,215
1757,318
1758,905
1759,762
1760,636
1761,242
1762,661
1763,874
1764,554
1765,5
1766,841
1767,689
1768,842
1769,244
1770,169
1771,667
1772,583
1773,155
1774,496
1775,758
1776,258
1777,589
1778,181
1779,320
1780,491
1781,811
1782,428
1783,325
1784,923
1785,387
1786,221
1787,452
1788,260
1789,693
1790,557
1791,793
1792,883
1793,195
1794,561
1795,475
1796,801
1797,447
1798,909
1799,132
1800,725
1801,764
1802,228
1803,709
1804,136
1805,844
1806,941
1807,927
1808,941
1809,878
1810,102
1811,299
1812,934
1813,325
1814,970
1815,206
1816,755
1817,226
1818,300
1819,192
1820,202
1821,387
1822,558
1823,607
1824,215
1825,878
1826,914
1827,398
1828,235
1829,833
1830,202
1831,289
1832,381
1833,784
1834,819
1835,670
1836,325
1837,558
1838,684
1839,801
1840,120
1841,35
1842,21
1843,120
1844,31
1845,984
1846,492
1847,845
1848,27
1849,124
1850,958
1851,52
1852,930
1853,537
1854,607
1855,748
1856,735
1857,974
1858,700
1859,864
1860,602
1861,42
1862,482
1863,578
1864,356
1865,239
1866,56
1867,304
1868,448
1869,139
1870,338
1871,783
1872,929
1873,661
1874,844
1875,396
1876,867
1877,691
1878,245
1879,856
1880,801
1881,917
1882,721
1883,615
1884,480
1885,464
1886,17
1887,863
1888,744
1889,818
1890,789
1891,672
1892,123
1893,643
1894,434
1895,525
1896,591
1897,242
1898,117
1899,273
1900,16
1901,796
1902,656
1903,705
1904,206
1905,18
1906,513
1907,165
1908,819
1909,738
1910,704
1911,249
1912,24
1913,389
1914,52
1915,10
1916,721
1917,169
1918,950
1919,161
1920,209
1921,796
1922,828
1923,845
1924,662
1925,467
1926,17
1927,481
1928,845
1929,786
1930,31
1931,541
1932,406
1933,928
1934,286
1935,828
1936,407
1937,110
1938,726
1939,373
1940,605
1941,77
1942,439
1943,889
1944,534
1945,227
1946,244
1947,172
1948,852
1949,879
1950,630
1951,762
1952,239
1953,508
1954,251
1955,190
1956,509
1957,612
1958,317
1959,38
1960,853
1961,957
1962,255
1963,658
1964,565
1965,984
1966,762
1967,682
1968,701
1969,4
1970,955
1971,847
1972,909
1973,203
1974,135
1975,859
1976,901
1977,256
1978,744
1979,17
1980,224
1981,822
1982,966
1983,393
1984,748
1985,223
1986,267
1987,503
1988,715
1989,328
1990,77
1991,462
1992,257
1993,672
1994,741
1995,0
1996,740
1997,314
1998,899
1999,697
2000,714
2001,122
2002,568
2003,572
2004,354
2005,250
2006,449
2007,172
2008,767
2009,688
2010,124
2011,593
2012,673
2013,386
2014,321
2015,934
2016,145
2017,97
2018,285
2019,116
2020,217
2021,618
2022,693
2023,167
2024,564
2025,392
2026,57
2027,633
2028,929
2029,666
2030,490
2031,274
2032,153
2033,78
2034,830
2035,11
2036,15
2037,698
2038,883
2039,598
2040,642
2041,312
2042,754
2043,864
2044,25
2045,959
2046,715
2047,890
2048,875
2049,297
2050,638
2051,286
2052,785
2053,764
2054,875
2055,946
2056,224
2057,651
2058,7
2059,189
2060,797
2061,794
2062,239
2063,264
2064,77
2065,604
2066,790
2067,945
2068,148
2069,729
2070,597
2071,497
2072,392
2073,798
2074,592
2075,116
2076,598
2077,498
2078,948
2079,158
2080,657
2081,648
2082,385
2083,84
2084,116
2085,198
2086,264
2087,232
2088,803
2089,714
2090,891
2091,277
2092,349
2093,690
2094,332
2095,383
2096,372
2097,124
2098,170
2099,412
2100,890
2101,656
2102,389
2103,178
2104,329
2105,911
2106,201
2107,794
2108,141
2109,456
2110,713
2111,704
2112,486
2113,270
2114,617
2115,673
2116,466
2117,999
2118,27
2119,726
2120,123
2121,410
2122,366
2123,558
2124,6
2125,740
2126,465
2127,674
2128,397
2129,388
2130,745
2131,259
2132,68
2133,142
2134,479
2135,875
2136,151
2137,14
2138,635
2139,592
2140,248
2141,312
2142,875
2143,72
2144,814
2145,207
2146,89
2147,511
2148,797
2149,687
2150,41
2151,129
2152,359
2153,182
2154,716
2155,410
2156,685
2157,88
2158,917
2159,537
2160,855
2161,104
2162,909
2163,339
2164,7
2165,221
2166,557
2167,49
2168,599
2169,309
2170,532
2171,837
2172,876
2173,372
2174,19
2175,635
2176,465
2177,999
2178,162
2179,434
2180,514
2181,865
2182,33
2183,829
2184,533
2185,194
2186,324
2187,482
2188,885
2189,569
2190,404
2191,371
2192,302
2193,555
2194,72
2195,314
2196,162
2197,435
2198,709
2199,419
2200,511
2201,860
2202,595
2203,656
2204,337
2205,280
2206,897
2207,59
2208,519
2209,685
2210,273
2211,892
2212,795
2213,367
2214,791
2215,317
2216,73
2217,777
2218,573
2219,448
2220,879
2221,151
2222,477
2223,550
2224,244
2225,12
2226,362
2227,885
2228,40
2229,652
2230,520
2231,566
2232,57
2233,596
2234,328
2235,194
2236,834
2237,880
2238,303
2239,49
2240,18
2241,23
2242,59
2243,93
2244,328
2245,366
2246,590
2247,891
2248,100
2249,794
2250,788
2251,548
2252,595
2253,831
2254,551
2255,500
2256,29
2257,26
2258,304
2259,566
2260,857
2261,894
2262,564
2263,460
2264,813
2265,333
2266,90
2267,512
2268,509
2269,616
2270,292
2271,3
2272,697
2273,15
2274,116
2275,310
2276,706
2277,594
2278,264
2279,249
2280,719
2281,188
2282,130
2283,525
2284,757
2285,527
2286,343
2287,247
2288,96
2289,507
2290,406
2291,259
2292,811
2293,823
2294,932
2295,521
2296,894
2297,568
2298,693
2299,375
2300,446
2301,524
2302,736
2303,391
2304,319
2305,993
2306,29
2307,441
2308,457
2309,252
2310,550
2311,155
2312,536
2313,705
2314,978
2315,77
2316,444
2317,580
2318,73
2319,529
2320,773
2321,128
2322,927
2323,736
2324,721
2325,908
2326,560
2327,619
2328,586
2329,591
2330,849
2331,796
2332,735
2333,588
2334,905
2335,861
2336,860
2337,780
2338,730
2339,219
2340,889
2341,869
2342,412
2343,483
2344,451
2345,490
2346,25
2347,851
2348,502
2349,747
2350,354
2351,501
2352,788
2353,736
2354,433
2355,752
2356,734
2357,844
2358,292
2359,412
2360,728
2361,720
2362,810
2363,287
2364,49
2365,356
2366,721
2367,409
2368,132
2369,555
2370,269
2371,486
2372,458
2373,469
2374,131
2375,811
2376,172
2377,883
2378,182
2379,518
2380,917
2381,750
2382,837
2383,600
2384,696
2385,918
2386,378
2387,256
2388,32
2389,115
2390,856
2391,699
2392,505
2393,373
2394,622
2395,786
2396,192
2397,101
2398,804
2399,633
2400,559
2401,318
2402,505
2403,435
2404,184
2405,550
2406,727
2407,685
2408,764
2409,41
2410,198
2411,876
2412,39
2413,223
2414,764
2415,925
2416,368
2417,266
2418,527
2419,400
2420,911
2421,766
2422,134
2423,428
2424,135
2425,963
2426,712
2427,484
2428,846
2429,928
2430,617
2431,164
2432,406
2433,591
2434,192
2435,431
2436,511
2437,802
2438,797
2439,28
2440,59
2441,172
2442,697
2443,688
2444,722
2445,504
2446,566
2447,595
2448,247
2449,374
2450,936
2451,739
2452,126
2453,675
2454,217
2455,21
2456,173
2457,908
2458,577
2459,263
2460,684
2461,492
2462,676
2463,941
2464,744
2465,389
2466,765
2467,996
2468,657
2469,634
2470,578
2471,151
2472,888
2473,656
2474,416
2475,547
2476,784
2477,369
2478,976
2479,822
2480,648
2481,573
2482,128
2483,920
2484,599
2485,30
2486,809
2487,947
2488,209
2489,923
2490,743
2491,342
2492,151
2493,471
2494,506
2495,543
2496,569
2497,261
2498,816
2499,210
2500,662
2501,378
2502,229
2503,541
2504,783
2505,435
2506,598
2507,660
2508,328
2509,891
2510,957
2511,387
2512,547
2513,841
2514,401
2515,925
2516,147
2517,616
2518,971
2519,327
2520,832
2521,596
2522,482
2523,4
2524,764
2525,368
2526,609
2527,110
2528,717
2529,29
2530,892
2531,253
2532,657
2533,304
2534,494
2535,197
2536,340
2537,488
2538,972
2539,77
2540,398
2541,756
2542,919
2543,128
2544,801
2545,288
2546,272
2547,454
2548,958
2549,881
2550,224
2551,310
2552,439
2553,617
2554,491
2555,528
2556,18
2557,940
2558,289
2559,437
2560,253
2561,87
2562,186
2563,215
2564,526
2565,29
2566,740
2567,126
2568,890
2569,283
2570,976
2571,366
2572,302
2573,627
2574,446
2575,41
2576,199
2577,995
2578,773
2579,222
2580,283
2581,428
2582,166
2583,251
2584,163
2585,47
2586,669
2587,816
2588,532
2589,114
2590,433
2591,401
2592,3
2593,488
2594,833
2595,387
2596,722
2597,990
2598,413
2599,12
2600,444
2601,130
2602,882
2603,793
2604,140
2605,147
2606,566
2607,494
2608,888
2609,545
2610,6
2611,399
2612,561
2613,329
2614,459
2615,842
2616,42
2617,508
2618,817
2619,409
2620,835
2621,922
2622,436
2623,280
2624,45
2625,455
2626,863
2627,252
2628,431
2629,350
2630,806
2631,373
2632,69
2633,978
2634,115
2635,997
2636,236
2637,620
2638,808
2639,919
2640,396
2641,425
2642,64
2643,251
2644,924
2645,162
2646,374
2647,566
2648,24
2649,230
2650,522
2651,102
2652,594
2653,488
2654,338
2655,651
2656,361
2657,446
2658,467
2659,243
2660,32
2661,312
2662,893
2663,74
2664,633
2665,223
2666,452
2667,581
2668,565
2669,821
2670,49
2671,715
2672,132
2673,988
2674,136
2675,524
2676,706
2677,962
2678,642
2679,294
2680,349
2681,498
2682,764
2683,537
2684,494
2685,259
2686,371
2687,898
2688,779
2689,879
2690,433
2691,555
2692,372
2693,799
2694,176
2695,279
2696,921
2697,614
2698,862
2699,595
2700,429
2701,655
2702,625
2703,879
2704,272
2705,873
2706,164
2707,3
2708,87
2709,427
2710,901
2711,404
2712,840
2713,267
2714,134
2715,498
2716,17
2717,650
2718,805
2719,52
2720,915
2721,296
2722,942
2723,790
2724,431
2725,328
2726,627
2727,207
2728,433
2729,90
2730,308
2731,866
2732,452
2733,54
2734,377
2735,51
2736,198
2737,443
2738,418
2739,182
2740,660
2741,621
2742,562
2743,819
2744,228
2745,317
2746,51
2747,324
2748,15
2749,418
2750,183
2751,692
2752,41
2753,167
2754,448
2755,831
2756,401
2757,494
2758,153
2759,148
2760,747
2761,623
2762,301
2763,370
2764,968
2765,46
2766,922
2767,715
2768,821
2769,542
2770,777
2771,532
2772,683
2773,124
2774,933
2775,936
2776,501
2777,946
2778,792
2779,923
2780,172
2781,785
2782,347
2783,452
2784,245
2785,315
2786,596
2787,32
2788,831
2789,306
2790,130
2791,576
2792,835
2793,939
2794,727
2795,210
2796,155
2797,489
2798,518
2799,755
2800,994
2801,751
2802,102
2803,811
2804,810
2805,539
2806,991
2807,813
2808,510
2809,975
2810,742
2811,364
2812,692
2813,317
2814,443
2815,11
2816,479
2817,884
2818,951
2819,59
2820,510
2821,827
2822,563
2823,777
2824,888
2825,227
2826,690
2827,903
2828,933
2829,126
2830,15
2831,367
2832,643
2833,787
2834,149
2835,869
2836,475
2837,836
2838,186
2839,502
2840,646
2841,641
2842,309
2843,275
2844,108
2845,462
2846,197
2847,549
2848,78
2849,650
2850,776
2851,942
2852,360
2853,120
2854,906
2855,228
2856,989
2857,514
2858,341
2859,303
2860,732
2861,773
2862,989
2863,971
2864,41
2865,459
2866,213
2867,366
2868,957
2869,207
2870,143
2871,490
2872,781
2873,663
2874,68
2875,526
2876,666
2877,693
2878,324
2879,680
2880,330
2881,814
2882,192
2883,677
2884,328
2885,519
2886,371
2887,525
2888,475
2889,880
2890,590
2891,521
2892,103
2893,78
2894,64
2895,535
2896,808
2897,886
2898,806
2899,58
2900,817
2901,375
2902,928
2903,869
2904,696
2905,545
2906,251
2907,384
2908,248
2909,275
2910,836
2911,91
2912,426
2913,131
2914,669
2915,470
2916,173
2917,898
2918,826
2919,704
2920,905
2921,65
2922,126
2923,915
2924,291
2925,767
2926,334
2927,750
2928,574
2929,338
2930,59
2931,904
2932,584
2933,718
2934,70
2935,534
2936,12
2937,1
2938,843
2939,992
2940,895
2941,834
2942,845
2943,646
2944,547
2945,101
2946,409
2947,153
2948,165
2949,411
2950,275
2951,751
2952,456
2953,442
2954,732
2955,359
2956,541
2957,619
2958,736
2959,821
2960,638
2961,936
2962,263
2963,344
2964,767
2965,255
2966,567
2967,16
2968,310
2969,461
2970,152
2971,582
2972,845
2973,933
2974,441
2975,855
2976,506
2977,379
2978,652
2979,407
2980,542
2981,45
2982,475
2983,754
2984,76
2985,618
2986,852
2987,926
2988,944
2989,373
2990,821
2991,712
2992,889
2993,134
2994,776
2995,324
2996,345
2997,4
2998,844
2999,208
3000,701
3001,85
3002,505
3003,955
3004,511
3005,841
3006,921
3007,133
3008,656
3009,586
3010,244
3011,941
3012,932
3013,933
3014,616
3015,464
3016,436
3017,241
3018,13
3019,784
3020,163
3021,196
3022,251
3023,782
3024,745
3025,897
3026,451
3027,564
3028,737
3029,947
3030,619
3031,416
3032,288
3033,400
3034,970
3035,361
3036,416
3037,957
3038,692
3039,118
3040,455
3041,35
3042,823
3043,57
3044,162
3045,221
3046,474
3047,933
3048,371
3049,997
3050,479
3051,341
3052,942
3053,302
3054,968
3055,932
3056,237
3057,8
3058,194
3059,645
3060,615
3061,659
3062,270
3063,239
3064,818
3065,109
3066,120
3067,872
3068,640
3069,520
3070,823
3071,696
3072,252
3073,185
3074,633
3075,293
3076,818
3077,471
3078,86
3079,82
3080,300
3081,577
3082,305
3083,417
3084,923
3085,509
3086,448
3087,274
3088,7
3089,26
3090,302
3091,5
3092,850
3093,458
3094,16
3095,998
3096,3
3097,214
3098,686
3099,932
3100,726
3101,265
3102,974
3103,915
3104,488
3105,302
3106,774
3107,754
3108,256
3109,688
3110,343
3111,563
3112,103
3113,210
3114,562
3115,905
3116,415
3117,498
3118,662
3119,882
3120,353
3121,0
3122,321
3123,679
3124,488
3125,865
3126,508
3127,261
3128,629
3129,292
3130,605
3131,734
3132,462
3133,848
3134,565
3135,817
3136,10
3137,620
3138,708
3139,348
3140,611
3141,607
3142,904
3143,189
3144,391
3145,375
3146,408
3147,487
3148,609
3149,517
3150,827
3151,72
3152,768
3153,371
3154,838
3155,303
3156,834
3157,100
3158,855
3159,272
3160,955
3161,53
3162,990
3163,601
3164,910
3165,985
3166,302
3167,608
3168,929
3169,491
3170,478
3171,76
3172,179
3173,7
3174,173
3175,333
3176,388
3177,680
3178,769
3179,498
3180,633
3181,893
3182,495
3183,609
3184,66
3185,94
3186,327
3187,373
3188,22
3189,204
3190,103
3191,460
3192,839
3193,407
3194,403
3195,845
3196,756
3197,603
3198,50
3199,38
3200,323
3201,782
3202,852
3203,137
3204,133
3205,325
3206,400
3207,746
3208,847
3209,520
3210,283
3211,35
3212,718
3213,453
3214,680
3215,743
3216,90
3217,90
3218,947
3219,729
3220,379
3221,351
3222,383
3223,21
3224,912
3225,484
3226,602
3227,995
3228,462
3229,383
3230,579
3231,921
3232,231
3233,660
3234,798
3235,549
3236,637
3237,336
3238,337
3239,785
3240,978
3241,669
3242,702
3243,343
3244,839
3245,350
3246,587
3247,851
3248,553
3249,615
3250,837
3251,418
3252,335
3253,442
3254,952
3255,836
3256,249
3257,649
3258,21
3259,242
3260,362
3261,121
3262,355
3263,210
3264,314
3265,243
3266,97
3267,970
3268,321
3269,669
3270,949
3271,705
3272,731
3273,658
3274,847
3275,816
3276,197
3277,159
3278,880
3279,353
3280,494
3281,775
3282,875
3283,798
3284,826
3285,685
3286,585
3287,725
3288,315
3289,355
3290,462
3291,957
3292,741
3293,307
3294,6
3295,129
3296,451
3297,462
3298,285
3299,138
3300,518
3301,206
3302,865
3303,843
3304,622
3305,209
3306,567
3307,541
3308,76
3309,414
3310,690
3311,492
3312,38
3313,611
3314,110
3315,955
3316,485
3317,287
3318,857
3319,404
3320,534
3321,318
3322,44
3323,903
3324,424
3325,987
3326,260
3327,761
3328,108
3329,588
3330,58
3331,255
3332,516
3333,876
3334,126
3335,948
3336,905
3337,15
3338,193
3339,503
3340,734
3341,759
3342,276
3343,547
3344,21
3345,361
3346,165
3347,110
3348,677
3349,146
3350,140
3351,937
3352,41
3353,241
3354,768
3355,422
3356,190
3357,871
3358,998
3359,917
3360,688
3361,602
3362,269
3363,384
3364,956
3365,484
3366,572
3367,340
3368,119
3369,21
3370,627
3371,953
3372,247
3373,231
3374,114
3375,764
3376,64
3377,467
3378,932
3379,466
3380,626
3381,813
3382,205
3383,532
3384,784
3385,590
3386,270
3387,180
3388,588
3389,324
3390,259
3391,316
3392,677
3393,515
3394,871
3395,888
3396,169
3397,472
3398,42
3399,466
3400,161
3401,249
3402,518
3403,61
3404,774
3405,502
3406,760
3407,287
3408,315
3409,86
3410,579
3411,203
3412,535
3413,101
3414,677
3415,584
3416,12
3417,981
3418,235
3419,625
3420,953
3421,616
3422,871
3423,546
3424,46
3425,206
3426,81
3427,621
3428,273
3429,293
3430,24
3431,217
3432,630
3433,320
3434,823
3435,34
3436,736
3437,923
3438,446
3439,530
3440,12
3441,313
3442,690
3443,780
3444,78
3445,164
3446,131
3447,167
3448,669
3449,443
3450,68
3451,134
3452,314
3453,791
3454,860
3455,153
3456,289
3457,189
3458,565
3459,899
3460,102
3461,819
3462,135
3463,122
3464,462
3465,397
3466,438
3467,631
3468,972
3469,616
3470,945
3471,21
3472,476
3473,731
3474,376
3475,779
3476,687
3477,712
3478,890
3479,181
3480,781
3481,291
3482,347
3483,627
3484,484
3485,33
3486,0
3487,513
3488,256
3489,330
3490,646
3491,546
3492,744
3493,570
3494,119
3495,17
3496,574
3497,857
3498,299
3499,147
3500,664
3501,295
3502,555
3503,587
3504,336
3505,479
3506,179
3507,36
3508,708
3509,703
3510,105
3511,848
3512,958
3513,278
3514,494
3515,808
3516,254
3517,813
3518,216
3519,622
3520,310
3521,65
3522,270
3523,330
3524,702
3525,302
3526,818
3527,769
3528,552
3529,233
3530,344
3531,236
3532,87
3533,26
3534,314
3535,988
3536,854
3537,198
3538,924
3539,895
3540,343
3541,221
3542,899
3543,368
3544,905
3545,924
3546,61
3547,174
3548,924
3549,926
3550,687
3551,361
3552,704
3553,37
3554,203
3555,337
3556,685
3557,582
3558,271
3559,705
3560,415
3561,757
3562,645
3563,940
3564,220
3565,424
3566,722
3567,512
3568,547
3569,708
3570,552
3571,179
3572,343
3573,218
3574,302
3575,726
3576,671
3577,437
3578,190
3579,732
3580,943
3581,132
3582,452
3583,168
3584,250
3585,368
3586,816
3587,378
3588,679
3589,752
3590,15
3591,923
3592,120
3593,789
3594,210
3595,980
3596,304
3597,576
3598,674
3599,606
3600,8
3601,330
3602,8
3603,177
3604,769
3605,994
3606,887
3607,681
3608,109
3609,854
3610,481
3611,499
3612,46
3613,57
3614,277
3615,933
3616,676
3617,590
3618,206
3619,75
3620,110
3621,963
3622,720
3623,632
3624,696
3625,950
3626,742
3627,65
3628,518
3629,725
3630,373
3631,915
3632,510
3633,474
3634,577
3635,452
3636,804
3637,161
3638,445
3639,649
3640,850
3641,741
3642,689
3643,88
3644,25
3645,612
3646,762
3647,913
3648,65
3649,41
3650,532
3651,904
3652,325
3653,453
3654,884
3655,457
3656,339
3657,754
3658,62
3659,422
3660,178
3661,196
3662,483
3663,938
3664,617
3665,188
3666,765
3667,138
3668,543
3669,946
3670,32
3671,663
3672,208
3673,698
3674,201
3675,574
3676,283
3677,470
3678,378
3679,295
3680,737
3681,948
3682,445
3683,606
3684,576
3685,921
3686,509
3687,508
3688,655
3689,973
3690,152
3691,518
3692,288
3693,411
3694,540
3695,723
3696,572
3697,84
3698,397
3699,216
3700,45
3701,548
3702,305
3703,134
3704,423
3705,719
3706,158
3707,884
3708,768
3709,606
3710,98
3711,370
3712,471
3713,641
3714,181
3715,785
3716,46
3717,117
3718,410
3719,995
3720,889
3721,142
3722,705
3723,924
3724,340
3725,755
3726,721
3727,293
3728,735
3729,935
3730,265
3731,110
3732,636
3733,54
3734,394
3735,742
3736,30
3737,508
3738,684
3739,77
3740,267
3741,931
3742,49
3743,852
3744,273
3745,705
3746,599
3747,997
3748,139
3749,698
3750,145
3751,483
3752,797
3753,751
3754,553
3755,836
3756,284
3757,922
3758,676
3759,80
3760,431
3761,898
3762,14
3763,328
3764,398
3765,201
3766,234
3767,500
3768,553
3769,797
3770,787
3771,411
3772,901
3773,744
3774,938
3775,597
3776,241
3777,651
3778,116
3779,717
3780,587
3781,806
3782,991
3783,44
3784,762
3785,870
3786,173
3787,664
3788,293
3789,197
3790,223
3791,313
3792,505
3793,437
3794,431
3795,352
3796,742
3797,364
3798,633
3799,569
3800,62
3801,767
3802,846
3803,403
3804,540
3805,155
3806,994
3807,404
3808,266
3809,196
3810,877
3811,563
3812,347
3813,958
3814,562
3815,23
3816,794
3817,711
3818,839
3819,507
3820,674
3821,768
3822,59
3823,770
3824,962
3825,986
3826,315
3827,886
3828,497
3829,729
3830,944
3831,631
3832,161
3833,624
3834,198
3835,917
3836,341
3837,445
3838,719
3839,494
3840,341
3841,493
3842,823
3843,845
3844,676
3845,893
3846,831
3847,239
3848,972
3849,336
3850,726
3851,220
3852,706
3853,174
3854,384
3855,745
3856,540
3857,544
3858,671
3859,978
3860,32
3861,194
3862,686
3863,622
3864,306
3865,442
3866,531
3867,854
3868,239
3869,145
3870,216
3871,325
3872,908
3873,424
3874,254
3875,130
3876,569
3877,120
3878,270
3879,177
3880,730
3881,251
3882,280
3883,443
3884,625
3885,102
3886,70
3887,94
3888,549
3889,305
3890,865
3891,538
3892,465
3893,64
3894,153
3895,716
3896,730
3897,366
3898,387
3899,665
3900,996
3901,114
3902,860
3903,184
3904,650
3905,353
3906,888
3907,585
3908,386
3909,422
3910,501
3911,917
3912,178
3913,812
3914,769
3915,675
3916,213
3917,867
3918,309
3919,732
3920,789
3921,819
3922,998
3923,888
3924,196
3925,461
3926,254
3927,847
3928,962
3929,93
3930,911
3931,585
3932,317
3933,866
3934,795
3935,824
3936,444
3937,638
3938,783
3939,907
3940,45
3941,441
3942,670
3943,757
3944,978
3945,118
3946,352
3947,253
3948,536
3949,659
3950,855
3951,30
3952,727
3953,0
3954,583
3955,23
3956,916
3957,738
3958,187
3959,929
3960,622
3961,485
3962,392
3963,327
3964,845
3965,987
3966,393
3967,52
3968,332
3969,120
3970,909
3971,906
3972,216
3973,536
3974,125
3975,575
3976,362
3977,77
3978,879
3979,262
3980,1
3981,368
3982,680
3983,832
3984,611
3985,207
3986,546
3987,259
3988,489
3989,601
3990,282
3991,624
3992,402
3993,984
3994,87
3995,70
3996,397
3997,393
3998,526
3999,849
4000,325
4001,256
4002,250
4003,796
4004,200
4005,88
4006,391
4007,402
4008,543
4009,562
4010,425
4011,723
4012,397
4013,163
4014,916
4015,51
4016,287
4017,722
4018,581
4019,888
4020,740
4021,296
4022,477
4023,355
4024,913
4025,365
4026,526
4027,829
4028,658
4029,953
4030,672
4031,217
4032,883
4033,968
4034,150
4035,926
4036,663
4037,126
4038,483
4039,967
4040,280
4041,31
4042,799
4043,621
4044,511
4045,869
4046,956
4047,72
4048,998
4049,763
4050,376
4051,823
4052,580
4053,758
4054,126
4055,435
4056,256
4057,791
4058,25
4059,908
4060,772
4061,102
4062,920
4063,786
4064,709
4065,312
4066,187
4067,550
4068,569
4069,826
4070,320
4071,276
4072,551
4073,613
4074,763
4075,147
4076,140
4077,0
4078,131
4079,982
4080,935
4081,668
4082,782
4083,122
4084,466
4085,527
4086,858
4087,641
4088,714
4089,417
4090,890
4091,118
4092,146
4093,698
4094,757
4095,881
4096,748
4097,310
4098,248
4099,455
4100,969
4101,909
4102,878
4103,711
4104,165
4105,767
4106,516
4107,855
4108,180
4109,104
4110,874
4111,152
4112,48
4113,813
4114,826
4115,141
4116,988
4117,28
4118,24
4119,79
4120,826
4121,602
4122,258
4123,66
4124,298
4125,271
4126,212
4127,317
4128,306
4129,220
4130,978
4131,466
4132,943
4133,790
4134,164
4135,24
4136,302
4137,669
4138,585
4139,769
4140,990
4141,320
4142,151
4143,36
4144,956
4145,75
4146,797
4147,767
4148,727
4149,743
4150,739
4151,314
4152,823
4153,691
4154,47
4155,342
4156,147
4157,53
4158,508
4159,467
4160,86
4161,713
4162,978
4163,579
4164,624
4165,975
4166,662
4167,48
4168,79
4169,422
4170,405
4171,152
4172,110
4173,189
4174,190
4175,87
4176,790
4177,304
4178,102
4179,663
4180,796
4181,827
4182,642
4183,721
4184,834
4185,339
4186,925
4187,618
4188,111
4189,816
4190,376
4191,99
4192,944
4193,622
4194,688
4195,120
4196,975
4197,8
4198,877
4199,424
4200,565
4201,775
4202,974
4203,154
4204,833
4205,931
4206,55
4207,216
4208,184
4209,390
4210,686
4211,902
4212,962
4213,705
4214,975
4215,447
4216,1
4217,744
4218,343
4219,615
4220,439
4221,738
4222,548
4223,304
4224,764
4225,866
4226,908
4227,633
4228,631
4229,761
4230,839
4231,208
4232,33
4233,49
4234,551
4235,813
4236,114
4237,21
4238,415
4239,966
4240,357
4241,912
4242,366
4243,857
4244,728
4245,298
4246,297
4247,702
4248,143
4249,71
4250,100
4251,114
4252,674
4253,852
4254,816
4255,933
4256,164
4257,254
4258,507
4259,290
4260,2
4261,176
4262,223
4263,854
4264,515
4265,87
4266,962
4267,870
4268,499
4269,625
4270,978
4271,306
4272,81
4273,561
4274,179
4275,978
4276,688
4277,678
4278,286
4279,425
4280,149
4281,684
4282,803
4283,334
4284,841
4285,79
4286,866
4287,368
4288,486
4289,111
4290,994
4291,938
4292,85
4293,1
4294,388
4295,351
4296,251
4297,797
4298,146
4299,113
4300,58
4301,31
4302,151
4303,939
4304,288
4305,227
4306,964
4307,95
4308,382
4309,262
4310,340
4311,129
4312,365
4313,240
4314,98
4315,677
4316,953
4317,51
4318,561
4319,311
4320,588
4321,694
4322,878
4323,704
4324,753
4325,804
4326,910
4327,317
4328,988
4329,314
4330,84
4331,328
4332,430
4333,555
4334,116
4335,543
4336,545
4337,75
4338,752
4339,700
4340,503
4341,746
4342,48
4343,786
4344,774
4345,299
4346,922
4347,965
4348,260
4349,208
4350,426
4351,953
4352,173
4353,257
4354,955
4355,657
4356,758
4357,158
4358,1
4359,839
4360,743
4361,736
4362,999
4363,977
4364,272
4365,59
4366,873
4367,518
4368,177
4369,790
4370,562
4371,626
4372,353
4373,584
4374,55
4375,875
4376,331
4377,720
4378,620
4379,64
4380,624
4381,389
4382,924
4383,175
4384,999
4385,333
4386,200
4387,943
4388,724
4389,578
4390,451
4391,464
4392,120
4393,880
4394,469
4395,106
4396,398
4397,128
4398,104
4399,285
4400,490
4401,758
4402,890
4403,109
4404,556
4405,716
4406,312
4407,691
4408,633
4409,80
4410,5
4411,808
4412,20
4413,782
4414,946
4415,304
4416,491
4417,694
4418,955
4419,522
4420,899
4421,333
4422,66
4423,994
4424,322
4425,775
4426,625
4427,462
4428,69
4429,631
4430,66
4431,545
4432,974
4433,569
4434,301
4435,563
4436,930
4437,285
4438,884
4439,998
4440,353
4441,63
4442,979
4443,56
4444,368
4445,802
4446,280
4447,702
4448,506
4449,73
4450,284
4451,856
4452,801
4453,314
4454,773
4455,996
4456,338
4457,10
4458,447
4459,257
4460,347
4461,603
4462,206
4463,139
4464,175
4465,745
4466,349
4467,988
4468,350
4469,801
4470,759
4471,239
4472,689
4473,331
4474,747
4475,375
4476,224
4477,44
4478,643
4479,868
4480,791
4481,899
4482,424
4483,936
4484,879
4485,198
4486,279
4487,766
4488,86
4489,834
4490,838
4491,32
4492,767
4493,913
4494,386
4495,59
4496,118
4497,508
4498,72
4499,1
4500,851
4501,272
4502,711
4503,295
4504,514
4505,258
4506,647
4507,454
4508,179
4509,590
4510,536
4511,117
4512,522
4513,114
4514,558
4515,732
4516,810
4517,721
4518,573
4519,917
4520,344
4521,475
4522,661
4523,648
4524,839
4525,919
4526,888
4527,495
4528,463
4529,710
4530,665
4531,892
4532,480
4533,337
4534,650
4535,955
4536,149
4537,956
4538,489
4539,415
4540,47
4541,623
4542,75
4543,269
4544,49
4545,862
4546,483
4547,809
4548,77
4549,956
4550,870
4551,344
4552,334
4553,478
4554,633
4555,789
4556,561
4557,318
4558,952
4559,994
4560,918
4561,522
4562,21
4563,563
4564,12
4565,801
4566,468
4567,768
4568,440
4569,88
4570,436
4571,484
4572,742
4573,753
4574,867
4575,981
4576,632
4577,76
4578,730
4579,345
4580,897
4581,804
4582,871
4583,326
4584,921
4585,628
4586,798
4587,751
4588,340
4589,513
4590,741
4591,951
4592,497
4593,666
4594,187
4595,862
4596,533
4597,162
4598,709
4599,941
4600,725
4601,255
4602,455
4603,158
4604,613
4605,71
4606,45
4607,99
4608,880
4609,887
4610,702
4611,896
4612,560
4613,950
4614,670
4615,852
4616,73
4617,642
4618,747
4619,823
4620,525
4621,900
4622,503
4623,651
4624,289
4625,72
4626,4
4627,646
4628,435
4629,670
4630,268
4631,366
4632,552
4633,884
4634,796
4635,51
4636,735
4637,986
4638,334
4639,552
4640,90
4641,14
4642,679
4643,839
4644,720
4645,902
4646,390
4647,485
4648,122
4649,605
4650,88
4651,160
4652,951
4653,451
4654,643
4655,650
4656,257
4657,662
4658,47
4659,386
4660,56
4661,607
4662,476
4663,715
4664,547
4665,124
4666,117
4667,274
4668,480
4669,691
4670,428
4671,479
4672,557
4673,591
4674,279
4675,731
4676,395
4677,848
4678,703
4679,925
4680,276
4681,509
4682,212
4683,912
4684,482
4685,509
4686,703
4687,362
4688,211
4689,225
4690,397
4691,75
4692,637
4693,689
4694,397
4695,607
4696,373
4697,16
4698,592
4699,762
4700,717
4701,68
4702,908
4703,195
4704,263
4705,645
4706,673
4707,326
4708,123
4709,966
4710,945
4711,753
4712,424
4713,820
4714,981
4715,609
4716,609
4717,260
4718,974
4719,247
4720,602
4721,484
4722,896
4723,775
4724,168
4725,150
4726,747
4727,756
4728,932
4729,484
4730,263
4731,256
4732,850
4733,384
4734,705
4735,53
4736,486
4737,141
4738,404
4739,127
4740,376
4741,384
4742,167
4743,393
4744,400
4745,487
4746,831
4747,715
4748,54
4749,270
4750,201
4751,57
4752,450
4753,11
4754,649
4755,171
4756,34
4757,322
4758,488
4759,338
4760,95
4761,520
4762,829
4763,346
4764,507
4765,205
4766,481
4767,776
4768,5
4769,146
4770,456
4771,371
4772,503
4773,106
4774,994
4775,974
4776,295
4777,185
4778,63
4779,928
4780,769
4781,36
4782,59
4783,445
4784,971
4785,967
4786,314
4787,183
4788,596
4789,439
4790,568
4791,722
4792,943
4793,836
4794,869
4795,117
4796,192
4797,892
4798,200
4799,847
4800,475
4801,470
4802,363
4803,155
4804,946
4805,916
4806,659
4807,316
4808,820
4809,168
4810,45
4811,228
4812,565
4813,251
4814,823
4815,414
4816,707
4817,123
4818,354
4819,39
4820,773
4821,460
4822,164
4823,655
4824,538
4825,523
4826,587
4827,12
4828,1
4829,724
4830,847
4831,531
4832,413
4833,640
4834,922
4835,938
4836,243
4837,377
4838,192
4839,357
4840,665
4841,417
4842,605
4843,175
4844,133
4845,555
4846,339
4847,546
4848,236
4849,115
4850,845
4851,945
4852,859
4853,310
4854,977
4855,199
4856,976
4857,624
4858,932
4859,386
4860,105
4861,549
4862,136
4863,865
4864,365
4865,146
4866,102
4867,220
4868,719
4869,785
4870,465
4871,902
4872,785
4873,318
4874,312
4875,431
4876,624
4877,21
4878,658
4879,783
4880,832
4881,438
4882,190
4883,441
4884,392
4885,72
4886,742
4887,462
4888,862
4889,222
4890,49
4891,545
4892,735
4893,668
4894,728
4895,353
4896,360
4897,632
4898,589
4899,826
4900,447
4901,959
4902,992
4903,265
4904,624
4905,331
4906,655
4907,968
4908,613
4909,605
4910,966
4911,170
4912,899
4913,594
4914,850
4915,315
4916,907
4917,908
4918,689
4919,296
4920,320
4921,654
4922,799
4923,186
4924,640
4925,420
4926,547
4927,869
4928,919
4929,617
4930,541
4931,682
4932,514
4933,117
4934,145
4935,420
4936,293
4937,156
4938,629
4939,154
4940,725
4941,996
4942,89
4943,853
4944,269
4945,901
4946,626
4947,644
4948,986
4949,452
4950,936
4951,991
4952,123
4953,236
4954,784
4955,93
4956,577
4957,177
4958,511
4959,598
4960,124
4961,438
4962,525
4963,403
4964,276
4965,14
4966,754
4967,698
4968,124
4969,400
4970,659
4971,405
4972,8
4973,232
4974,518
4975,504
4976,782
4977,400
4978,569
4979,144
4980,656
4981,621
4982,279
4983,239
4984,105
4985,116
4986,319
4987,690
4988,807
4989,477
4990,650
4991,22
4992,229
4993,311
4994,228
4995,500
4996,855
4997,803
4998,774
4999,356
5000,52
5001,139
5002,648
5003,716
5004,289
5005,15
5006,331
5007,806
5008,869
5009,793
5010,702
5011,236
5012,185
5013,657
5014,428
5015,14
5016,362
5017,244
5018,474
5019,267
5020,264
5021,482
5022,634
5023,867
5024,499
5025,486
5026,900
5027,900
5028,314
5029,968
5030,75
5031,69
5032,402
5033,762
5034,742
5035,711
5036,616
5037,524
5038,303
5039,341
5040,282
5041,228
5042,977
5043,65
5044,541
5045,10
5046,973
5047,112
5048,184
5049,217
5050,482
5051,919
5052,640
5053,982
5054,612
5055,402
5056,665
5057,562
5058,13
5059,246
5060,968
5061,63
5062,937
5063,328
5064,700
5065,232
5066,182
5067,352
5068,103
5069,739
5070,202
5071,510
5072,277
5073,510
5074,418
5075,792
5076,36
5077,445
5078,87
5079,898
5080,139
5081,998
5082,962
5083,677
5084,574
5085,204
5086,585
5087,452
5088,996
5089,578
5090,868
5091,476
5092,257
5093,656
5094,36
5095,398
5096,525
5097,901
5098,66
5099,633
5100,637
5101,521
5102,613
5103,587
5104,115
5105,810
5106,863
5107,629
5108,686
5109,341
5110,887
5111,569
5112,162
5113,593
5114,436
5115,331
5116,373
5117,731
5118,183
5119,903
5120,568
5121,756
5122,252
5123,824
5124,749
5125,669
5126,399
5127,720
5128,306
5129,929
5130,880
5131,521
5132,184
5133,549
5134,975
5135,675
5136,769
5137,775
5138,585
5139,671
5140,662
5141,114
5142,417
5143,204
5144,908
5145,647
5146,700
5147,251
5148,145
5149,783
5150,997
5151,550
5152,435
5153,96
5154,946
5155,761
5156,435
5157,823
5158,209
5159,597
5160,913
5161,219
5162,929
5163,268
5164,808
5165,90
5166,359
5167,567
5168,613
5169,409
5170,762
5171,520
5172,84
5173,20
5174,605
5175,563
5176,319
5177,120
5178,530
5179,770
5180,223
5181,620
5182,479
5183,990
5184,417
5185,944
5186,460
5187,305
5188,168
5189,658
5190,908
5191,110
5192,108
5193,395
5194,243
5195,307
5196,590
5197,257
5198,851
5199,907
5200,129
5201,837
5202,99
5203,653
5204,173
5205,891
5206,381
5207,802
5208,89
5209,252
5210,264
5211,649
5212,63
5213,919
5214,253
5215,803
5216,152
5217,976
5218,263
5219,132
5220,640
5221,600
5222,292
5223,127
5224,558
5225,102
5226,787
5227,387
5228,663
5229,466
5230,811
5231,951
5232,148
5233,904
5234,695
5235,772
5236,138
5237,836
5238,271
5239,603
5240,178
5241,623
5242,442
5243,35
5244,707
5245,718
5246,792
5247,721
5248,857
5249,429
5250,351
5251,262
5252,55
5253,910
5254,535
5255,810
5256,793
5257,566
5258,629
5259,598
5260,953
5261,605
5262,127
5263,495
5264,282
5265,299
5266,714
5267,362
5268,690
5269,915
5270,32
5271,58
5272,654
5273,437
5274,848
5275,964
5276,117
5277,409
5278,480
5279,304
5280,230
5281,391
5282,599
5283,90
5284,364
5285,402
5286,139
5287,443
5288,263
5289,882
5290,459
5291,910
5292,146
5293,456
5294,22
5295,284
5296,12
5297,617
5298,251
5299,617
5300,558
5301,949
5302,820
5303,718
5304,302
5305,48
5306,85
5307,415
5308,407
5309,722
5310,408
5311,528
5312,972
5313,627
5314,498
5315,243
5316,545
5317,700
5318,82
5319,318
5320,903
5321,484
5322,225
5323,409
5324,448
5325,805
5326,373
5327,43
5328,45
5329,307
5330,917
5331,460
5332,406
5333,111
5334,432
5335,225
5336,130
5337,55
5338,270
5339,663
5340,418
5341,597
5342,155
5343,935
5344,97
5345,855
5346,2
5347,69
5348,269
5349,964
5350,596
5351,260
5352,891
5353,590
5354,258
5355,157
5356,314
5357,402
5358,856
5359,654
5360,506
5361,641
5362,715
5363,193
5364,752
5365,59
5366,164
5367,677
5368,375
5369,558
5370,937
5371,716
5372,287
5373,680
5374,313
5375,437
5376,657
5377,127
5378,199
5379,649
5380,577
5381,174
5382,28
5383,499
5384,982
5385,33
5386,864
5387,639
5388,656
5389,971
5390,359
5391,582
5392,603
5393,917
5394,830
5395,12
5396,719
5397,564
5398,385
5399,846
5400,632
5401,949
5402,854
5403,920
5404,212
5405,808
5406,318
5407,512
5408,220
5409,34
5410,509
5411,357
5412,557
5413,40
5414,392
5415,932
5416,462
5417,494
5418,992
5419,71
5420,401
5421,22
5422,235
5423,340
5424,329
5425,810
5426,412
5427,770
5428,599
5429,270
5430,171
5431,199
5432,666
5433,653
5434,899
5435,728
5436,332
5437,247
5438,603
5439,229
5440,456
5441,900
5442,317
5443,72
5444,389
5445,269
5446,159
5447,443
5448,526
5449,922
5450,90
5451,246
5452,411
5453,51
5454,973
5455,651
5456,360
5457,605
5458,468
5459,194
5460,433
5461,789
5462,437
5463,34
5464,718
5465,365
5466,117
5467,497
5468,897
5469,399
5470,315
5471,717
5472,561
5473,340
5474,40
5475,684
5476,941
5477,823
5478,661
5479,607
5480,679
5481,925
5482,939
5483,324
5484,225
5485,722
5486,714
5487,852
5488,84
5489,609
5490,839
5491,0
5492,646
5493,272
5494,282
5495,684
5496,171
5497,888
5498,354
5499,602
5500,866
5501,647
5502,996
5503,815
5504,716
5505,280
5506,900
5507,931
5508,227
5509,458
5510,727
5511,593
5512,963
5513,95
5514,8
5515,600
5516,526
5517,557
5518,983
5519,503
5520,453
5521,771
5522,886
5523,588
5524,858
5525,937
5526,298
5527,359
5528,835
5529,395
5530,257
5531,633
5532,163
5533,823
5534,640
5535,952
5536,559
5537,468
5538,515
5539,857
5540,638
5541,166
5542,530
5543,174
5544,5
5545,685
5546,280
5547,504
5548,965
5549,105
5550,109
5551,2
5552,18
5553,766
5554,735
5555,402
5556,331
5557,256
5558,385
5559,887
5560,214
5561,993
5562,941
5563,173
5564,800
5565,867
5566,647
5567,33
5568,390
5569,982
5570,316
5571,550
5572,392
5573,454
5574,989
5575,343
5576,229
5577,995
5578,130
5579,788
5580,961
5581,102
5582,292
5583,117
5584,627
5585,77
5586,308
5587,713
5588,412
5589,343
5590,630
5591,922
5592,226
5593,886
5594,716
5595,791
5596,615
5597,70
5598,819
5599,358
5600,460
5601,212
5602,772
5603,455
5604,812
5605,674
5606,741
5607,890
5608,945
5609,170
5610,656
5611,144
5612,17
5613,798
5614,771
5615,135
5616,17
5617,191
5618,138
5619,362
5620,283
5621,66
5622,963
5623,505
5624,166
5625,612
5626,50
5627,791
5628,511
5629,164
5630,474
5631,763
5632,358
5633,76
5634,380
5635,806
5636,259
5637,903
5638,965
5639,135
5640,234
5641,998
5642,892
5643,360
5644,520
5645,598
5646,163
5647,645
5648,994
5649,17
5650,906
5651,102
5652,519
5653,383
5654,576
5655,400
5656,164
5657,215
5658,999
5659,811
5660,204
5661,639
5662,282
5663,102
5664,901
5665,225
5666,576
5667,758
5668,336
5669,981
5670,789
5671,66
5672,28
5673,518
5674,458
5675,699
5676,979
5677,492
5678,425
5679,633
5680,304
5681,511
5682,44
5683,368
5684,523
5685,135
5686,86
5687,953
5688,989
5689,458
5690,998
5691,478
5692,49
5693,637
5694,687
5695,249
5696,496
5697,289
5698,671
5699,981
5700,555
5701,31
5702,572
5703,393
5704,196
5705,210
5706,174
5707,789
5708,379
5709,647
5710,449
5711,538
5712,431
5713,933
5714,134
5715,732
5716,875
5717,601
5718,125
5719,740
5720,187
5721,821
5722,285
5723,359
5724,221
5725,476
5726,992
5727,997
5728,645
5729,52
5730,203
5731,727
5732,573
5733,622
5734,773
5735,209
5736,259
5737,819
5738,266
5739,99
5740,686
5741,478
5742,779
5743,965
5744,591
5745,236
5746,88
5747,956
5748,157
5749,679
5750,706
5751,960
5752,523
5753,823
5754,492
5755,378
5756,32
5757,558
5758,325
5759,165
5760,80
5761,898
5762,914
5763,78
5764,40
5765,60
5766,0
5767,322
5768,615
5769,861
5770,901
5771,690
5772,500
5773,198
5774,95
5775,595
5776,904
5777,305
5778,769
5779,92
5780,202
5781,11
5782,698
5783,876
5784,12
5785,488
5786,813
5787,664
5788,404
5789,590
5790,330
5791,447
5792,882
5793,289
5794,734
5795,130
5796,188
5797,682
5798,357
5799,612
5800,150
5801,16
5802,306
5803,584
5804,90
5805,779
5806,89
5807,550
5808,306
5809,826
5810,6
5811,446
5812,851
5813,600
5814,561
5815,486
5816,52
5817,851
5818,230
5819,924
5820,655
5821,291
5822,652
5823,50
5824,717
5825,120
5826,665
5827,173
5828,499
5829,461
5830,2
5831,352
5832,587
5833,347
5834,259
5835,461
5836,81
5837,504
5838,68
5839,855
5840,797
5841,71
5842,114
5843,747
5844,235
5845,626
5846,978
5847,950
5848,196
5849,237
5850,551
5851,215
5852,196
5853,890
5854,931
5855,265
5856,875
5857,99
5858,289
5859,810
5860,928
5861,908
5862,842
5863,281
5864,66
5865,184
5866,137
5867,712
5868,518
5869,248
5870,747
5871,689
5872,705
5873,386
5874,857
5875,487
5876,984
5877,704
5878,524
5879,400
5880,474
5881,754
5882,637
5883,277
5884,68
5885,440
5886,563
5887,320
5888,216
5889,304
5890,255
5891,361
5892,978
5893,860
5894,302
5895,125
5896,785
5897,290
5898,828
5899,894
5900,26
5901,361
5902,400
5903,236
5904,716
5905,928
5906,13
5907,388
5908,859
5909,742
5910,889
5911,225
5912,932
5913,808
5914,202
5915,796
5916,329
5917,381
5918,204
5919,413
5920,724
5921,168
5922,954
5923,351
5924,781
5925,289
5926,147
5927,330
5928,898
5929,710
5930,594
5931,335
5932,85
5933,142
5934,160
5935,413
5936,328
5937,655
5938,812
5939,378
5940,907
5941,116
5942,496
5943,963
5944,724
5945,149
5946,46
5947,903
5948,556
5949,883
5950,221
5951,3
5952,245
5953,997
5954,481
5955,337
5956,63
5957,851
5958,281
5959,387
5960,527
5961,945
5962,717
5963,635
5964,174
5965,833
5966,801
5967,419
5968,958
5969,306
5970,216
5971,96
5972,149
5973,612
5974,32
5975,432
5976,890
5977,319
5978,601
5979,233
5980,3
5981,998
5982,454
5983,940
5984,598
5985,542
5986,137
5987,234
5988,778
5989,907
5990,763
5991,984
5992,907
5993,626
5994,735
5995,800
5996,86
5997,423
5998,198
5999,265
6000,481
6001,993
6002,274
6003,667
6004,369
6005,767
6006,773
6007,161
6008,566
6009,748
6010,829
6011,695
6012,669
6013,94
6014,108
6015,777
6016,299
6017,28
6018,844
6019,319
6020,603
6021,27
6022,931
6023,940
6024,122
6025,464
6026,80
6027,578
6028,924
6029,102
6030,633
6031,470
6032,812
6033,164
6034,786
6035,448
6036,495
6037,34
6038,990
6039,697
6040,463
6041,304
6042,234
6043,458
6044,563
6045,370
6046,970
6047,175
6048,188
6049,291
6050,622
6051,12
6052,909
6053,403
6054,310
6055,191
6056,573
6057,547
6058,664
6059,720
6060,501
6061,610
6062,862
6063,443
6064,367
6065,686
6066,857
6067,132
6068,362
6069,280
6070,858
6071,122
6072,727
6073,577
6074,83
6075,652
6076,618
6077,745
6078,566
6079,180
6080,969
6081,753
6082,722
6083,12
6084,471
6085,805
6086,685
6087,330
6088,424
6089,836
6090,65
6091,681
6092,588
6093,101
6094,62
6095,184
6096,317
6097,967
6098,189
6099,746
6100,733
6101,60
6102,241
6103,428
6104,498
6105,470
6106,13
6107,398
6108,549
6109,130
6110,215
6111,135
6112,636
6113,880
6114,373
6115,90
6116,941
6117,597
6118,763
6119,495
6120,952
6121,532
6122,86
6123,299
6124,299
6125,560
6126,108
6127,582
6128,919
6129,915
6130,417
6131,101
6132,482
6133,276
6134,345
6135,809
6136,183
6137,62
6138,103
6139,475
6140,559
6141,557
6142,376
6143,488
6144,118
6145,234
6146,345
6147,360
6148,747
6149,440
6150,362
6151,140
6152,926
6153,432
6154,790
6155,799
6156,372
6157,610
6158,778
6159,47
6160,606
6161,959
6162,491
6163,979
6164,361
6165,656
6166,51
6167,9
6168,501
6169,939
6170,97
6171,510
6172,269
6173,719
6174,933
6175,779
6176,339
6177,573
6178,869
6179,969
6180,655
6181,419
6182,975
6183,53
6184,81
6185,640
6186,433
6187,680
6188,674
6189,426
6190,974
6191,414
6192,66
6193,549
6194,956
6195,126
6196,525
6197,896
6198,42
6199,516
6200,479
6201,7
6202,654
6203,576
6204,489
6205,610
6206,86
6207,996
6208,266
6209,46
6210,722
6211,417
6212,103
6213,633
6214,480
6215,504
6216,107
6217,524
6218,926
6219,581
6220,511
6221,746
6222,51
6223,589
6224,867
6225,2
6226,17
6227,581
6228,34
6229,832
6230,988
6231,578
6232,757
6233,501
6234,462
6235,253
6236,720
6237,432
6238,76
6239,631
6240,246
6241,535
6242,167
6243,421
6244,301
6245,572
6246,883
6247,115
6248,861
6249,709
6250,549
6251,40
6252,254
6253,953
6254,352
6255,407
6256,700
6257,696
6258,930
6259,694
6260,282
6261,518
6262,820
6263,296
6264,269
6265,131
6266,87
6267,973
6268,866
6269,636
6270,554
6271,572
6272,834
6273,266
6274,279
6275,63
6276,393
6277,822
6278,919
6279,604
6280,171
6281,994
6282,231
6283,960
6284,618
6285,906
6286,578
6287,363
6288,6
6289,965
6290,111
6291,223
6292,692
6293,955
6294,153
6295,590
6296,700
6297,409
6298,988
6299,65
6300,798
6301,422
6302,118
6303,208
6304,2
6305,419
6306,912
6307,745
6308,948
6309,826
6310,104
6311,542
6312,736
6313,149
6314,777
6315,108
6316,269
6317,816
6318,687
6319,476
6320,179
6321,106
6322,328
6323,822
6324,730
6325,531
6326,599
6327,806
6328,975
6329,157
6330,336
6331,893
6332,841
6333,173
6334,696
6335,612
6336,800
6337,183
6338,487
6339,397
6340,758
6341,914
6342,620
6343,416
6344,750
6345,906
6346,508
6347,590
6348,561
6349,825
6350,286
6351,626
6352,904
6353,625
6354,716
6355,297
6356,573
6357,536
6358,330
6359,329
6360,281
6361,223
6362,824
6363,561
6364,391
6365,366
6366,989
6367,742
6368,642
6369,478
6370,622
6371,206
6372,398
6373,378
6374,251
6375,200
6376,497
6377,294
6378,272
6379,197
6380,73
6381,303
6382,989
6383,180
6384,709
6385,909
6386,274
6387,87
6388,822
6389,871
6390,141
6391,710
6392,429
6393,865
6394,29
6395,613
6396,134
6397,74
6398,836
6399,740
6400,45
6401,650
6402,271
6403,87
6404,544
6405,577
6406,136
6407,466
6408,109
6409,988
6410,566
6411,668
6412,218
6413,215
6414,164
6415,836
6416,96
6417,36
6418,836
6419,836
6420,753
6421,44
6422,208
6423,82
6424,259
6425,844
6426,154
6427,934
6428,336
6429,673
6430,278
6431,624
6432,857
6433,354
6434,441
6435,798
6436,157
6437,687
6438,272
6439,839
6440,78
6441,251
6442,193
6443,312
6444,414
6445,32
6446,240
6447,245
6448,289
6449,562
6450,638
6451,849
6452,451
6453,420
6454,372
6455,551
6456,718
6457,573
6458,395
6459,130
6460,677
6461,293
6462,660
6463,600
6464,229
6465,214
6466,284
6467,402
6468,615
6469,499
6470,138
6471,25
6472,890
6473,327
6474,581
6475,5
6476,802
6477,41
6478,170
6479,350
6480,430
6481,110
6482,680
6483,214
6484,496
6485,964
6486,808
6487,953
6488,459
6489,574
6490,378
6491,560
6492,994
6493,333
6494,325
6495,549
6496,783
6497,136
6498,876
6499,286
6500,445
6501,45
6502,493
6503,854
6504,26
6505,448
6506,533
6507,392
6508,978
6509,934
6510,473
6511,725
6512,310
6513,937
6514,276
6515,517
6516,346
6517,521
6518,576
6519,47
6520,318
6521,954
6522,279
6523,660
6524,789
6525,947
6526,844
6527,947
6528,655
6529,72
6530,569
6531,755
6532,365
6533,656
6534,387
6535,735
6536,945
6537,222
6538,960
6539,526
6540,290
6541,94
6542,376
6543,694
6544,545
6545,571
6546,22
6547,158
6548,492
6549,429
6550,0
6551,989
6552,741
6553,646
6554,856
6555,689
6556,11
6557,765
6558,13
6559,981
6560,886
6561,430
6562,329
6563,578
6564,9
6565,24
6566,761
6567,329
6568,281
6569,331
6570,567
6571,191
6572,842
6573,829
6574,444
6575,10
6576,349
6577,862
6578,157
6579,211
6580,915
6581,146
6582,618
6583,259
6584,96
6585,741
6586,140
6587,669
6588,962
6589,473
6590,302
6591,124
6592,465
6593,914
6594,47
6595,337
6596,889
6597,231
6598,92
6599,729
6600,246
6601,531
6602,240
6603,495
6604,228
6605,883
6606,289
6607,413
6608,477
6609,807
6610,699
6611,411
6612,595
6613,314
6614,883
6615,21
6616,635
6617,623
6618,510
6619,808
6620,638
6621,137
6622,223
6623,364
6624,711
6625,221
6626,684
6627,382
6628,800
6629,397
6630,871
6631,152
6632,66
6633,359
6634,18
6635,664
6636,521
6637,335
6638,90
6639,919
6640,121
6641,453
6642,721
6643,676
6644,231
6645,455
6646,269
6647,717
6648,6
6649,11
6650,987
6651,754
6652,672
6653,689
6654,926
6655,622
6656,497
6657,981
6658,461
6659,835
6660,59
6661,605
6662,533
6663,404
6664,934
6665,760
6666,443
6667,533
6668,276
6669,367
6670,270
6671,59
6672,110
6673,614
6674,592
6675,672
6676,896
6677,629
6678,709
6679,718
6680,490
6681,774
6682,31
6683,202
6684,538
6685,550
6686,127
6687,92
6688,408
6689,793
6690,825
6691,901
6692,715
6693,878
6694,761
6695,178
6696,414
6697,686
6698,683
6699,465
6700,505
6701,814
6702,859
6703,253
6704,507
6705,788
6706,887
6707,578
6708,270
6709,553
6710,481
6711,37
6712,277
6713,883
6714,202
6715,612
6716,570
6717,613
6718,553
6719,98
6720,969
6721,668
6722,565
6723,366
6724,449
6725,502
6726,540
6727,685
6728,739
6729,314
6730,374
6731,950
6732,340
6733,441
6734,818
6735,125
6736,436
6737,173
6738,883
6739,112
6740,35
6741,270
6742,288
6743,168
6744,94
6745,589
6746,976
6747,443
6748,210
6749,262
6750,458
6751,355
6752,823
6753,45
6754,293
6755,377
6756,479
6757,482
6758,789
6759,173
6760,359
6761,689
6762,718
6763,853
6764,833
6765,343
6766,530
6767,834
6768,374
6769,990
6770,58
6771,497
6772,849
6773,824
6774,144
6775,933
6776,369
6777,896
6778,417
6779,863
6780,176
6781,391
6782,32
6783,878
6784,851
6785,448
6786,512
6787,40
6788,686
6789,351
6790,413
6791,195
6792,667
6793,441
6794,90
6795,691
6796,742
6797,450
6798,240
6799,354
6800,304
6801,368
6802,673
6803,189
6804,745
6805,83
6806,308
6807,265
6808,51
6809,412
6810,884
6811,480
6812,464
6813,177
6814,407
6815,872
6816,730
6817,340
6818,984
6819,412
6820,248
6821,358
6822,452
6823,21
6824,208
6825,908
6826,877
6827,58
6828,432
6829,33
6830,649
6831,899
6832,686
6833,660
6834,130
6835,388
6836,690
6837,134
6838,506
6839,181
6840,40
6841,774
6842,90
6843,606
6844,522
6845,641
6846,933
6847,26
6848,194
6849,972
6850,238
6851,74
6852,722
6853,823
6854,490
6855,846
6856,67
6857,179
6858,441
6859,703
6860,114
6861,876
6862,278
6863,280
6864,427
6865,776
6866,998
6867,673
6868,932
6869,360
6870,928
6871,279
6872,654
6873,268
6874,546
6875,371
6876,701
6877,245
6878,870
6879,148
6880,267
6881,574
6882,945
6883,350
6884,594
6885,188
6886,765
6887,320
6888,271
6889,55
6890,791
6891,794
6892,463
6893,965
6894,554
6895,221
6896,238
6897,278
6898,748
6899,46
6900,818
6901,61
6902,146
6903,574
6904,659
6905,628
6906,985
6907,822
6908,321
6909,736
6910,152
6911,204
6912,55
6913,657
6914,245
6915,79
6916,895
6917,435
6918,127
6919,3
6920,584
6921,791
6922,424
6923,738
6924,859
6925,189
6926,177
6927,835
6928,430
6929,414
6930,140
6931,273
6932,614
6933,490
6934,276
6935,1
6936,95
6937,365
6938,601
6939,568
6940,961
6941,819
6942,130
6943,195
6944,202
6945,173
6946,775
6947,420
6948,976
6949,765
6950,864
6951,318
6952,161
6953,325
6954,559
6955,814
6956,584
6957,764
6958,655
6959,17
6960,609
6961,513
6962,840
6963,893
6964,207
6965,752
6966,432
6967,645
6968,219
6969,10
6970,756
6971,151
6972,767
6973,735
6974,607
6975,62
6976,990
6977,614
6978,154
6979,384
6980,669
6981,95
6982,842
6983,296
6984,661
6985,197
6986,409
6987,773
6988,100
6989,992
6990,761
6991,965
6992,75
6993,824
6994,471
6995,723
6996,488
6997,298
6998,264
6999,266
7000,638
7001,619
7002,191
7003,228
7004,934
7005,253
7006,284
7007,347
7008,546
7009,887
7010,916
7011,956
7012,943
7013,986
7014,206
7015,108
7016,763
7017,761
7018,122
7019,577
7020,47
7021,969
7022,799
7023,73
7024,164
7025,997
7026,205
7027,980
7028,317
7029,664
7030,350
7031,923
7032,654
7033,727
7034,545
7035,922
7036,479
7037,674
7038,760
7039,93
7040,944
7041,477
7042,743
7043,234
7044,716
7045,770
7046,643
7047,414
7048,959
7049,547
7050,7
7051,9
7052,85
7053,635
7054,466
7055,67
7056,431
7057,359
7058,644
7059,506
7060,718
7061,383
7062,377
7063,380
7064,424
7065,363
7066,813
7067,959
7068,785
7069,284
7070,939
7071,890
7072,2
7073,535
7074,673
7075,937
7076,452
7077,986
7078,257
7079,144
7080,311
7081,956
7082,709
7083,936
7084,511
7085,999
7086,673
7087,482
7088,87
7089,81
7090,233
7091,861
7092,214
7093,92
7094,825
7095,246
7096,16
7097,648
7098,695
7099,55
7100,708
7101,949
7102,601
7103,633
7104,111
7105,450
7106,113
7107,53
7108,835
7109,414
7110,811
7111,698
7112,662
7113,289
7114,69
7115,621
7116,221
7117,463
7118,912
7119,664
7120,314
7121,198
7122,804
7123,541
7124,19
7125,665
7126,473
7127,428
7128,240
7129,629
7130,856
7131,862
7132,859
7133,212
7134,779
7135,407
7136,401
7137,543
7138,66
7139,991
7140,378
7141,219
7142,184
7143,753
7144,905
7145,500
7146,556
7147,57
7148,775
7149,471
7150,755
7151,909
7152,336
7153,287
7154,311
7155,523
7156,433
7157,689
7158,645
7159,403
7160,157
7161,670
7162,433
7163,264
7164,880
7165,889
7166,612
7167,335
7168,808
7169,474
7170,970
7171,872
7172,632
7173,412
7174,819
7175,262
7176,332
7177,271
7178,707
7179,650
7180,270
7181,557
7182,656
7183,835
7184,350
7185,320
7186,976
7187,70
7188,710
7189,246
7190,29
7191,96
7192,461
7193,300
7194,205
7195,536
7196,406
7197,210
7198,164
7199,857
7200,663
7201,946
7202,461
7203,737
7204,696
7205,295
7206,785
7207,130
7208,245
7209,862
7210,791
7211,371
7212,525
7213,597
7214,906
7215,597
7216,641
7217,574
7218,31
7219,472
7220,660
7221,919
7222,910
7223,156
7224,806
7225,890
7226,771
7227,930
7228,396
7229,948
7230,804
7231,830
7232,577
7233,176
7234,22
7235,658
7236,628
7237,107
7238,849
7239,686
7240,330
7241,424
7242,875
7243,644
7244,887
7245,117
7246,372
7247,935
7248,969
7249,600
7250,200
7251,46
7252,96
7253,472
7254,308
7255,156
7256,4
7257,240
7258,734
7259,425
7260,132
7261,787
7262,346
7263,150
7264,147
7265,933
7266,295
7267,811
7268,512
7269,921
7270,463
7271,402
7272,231
7273,910
7274,476
7275,186
7276,177
7277,335
7278,756
7279,436
7280,32
7281,788
7282,883
7283,137
7284,331
7285,591
7286,650
7287,104
7288,148
7289,221
7290,437
7291,155
7292,328
7293,333
7294,714
7295,264
7296,568
7297,144
7298,875
7299,20
7300,794
7301,307
7302,264
7303,302
7304,621
7305,347
7306,537
7307,484
7308,789
7309,772
7310,398
7311,613
7312,256
7313,599
7314,884
7315,316
7316,175
7317,213
7318,688
7319,567
7320,640
7321,490
7322,597
7323,660
7324,949
7325,925
7326,542
7327,505
7328,481
7329,415
7330,265
7331,320
7332,60
7333,396
7334,947
7335,586
7336,597
7337,508
7338,518
7339,354
7340,132
7341,158
7342,648
7343,740
7344,216
7345,930
7346,127
7347,674
7348,940
7349,279
7350,497
7351,593
7352,972
7353,537
7354,625
7355,77
7356,460
7357,563
7358,225
7359,103
7360,624
7361,843
7362,451
7363,246
7364,802
7365,122
7366,937
7367,216
7368,817
7369,19
7370,588
7371,946
7372,144
7373,350
7374,888
7375,767
7376,369
7377,807
7378,470
7379,695
7380,534
7381,704
7382,315
7383,127
7384,97
7385,673
7386,250
7387,824
7388,53
7389,732
7390,355
7391,733
7392,991
7393,708
7394,537
7395,320
7396,418
7397,98
7398,856
7399,866
7400,476
7401,463
7402,876
7403,78
7404,829
7405,865
7406,51
7407,71
7408,53
7409,835
7410,748
7411,443
7412,492
7413,885
7414,720
7415,403
7416,619
7417,214
7418,373
7419,59
7420,694
7421,460
7422,295
7423,729
7424,506
7425,448
7426,898
7427,740
7428,524
7429,276
7430,965
7431,899
7432,713
7433,246
7434,902
7435,426
7436,443
7437,804
7438,84
7439,70
7440,151
7441,328
7442,788
7443,751
7444,259
7445,159
7446,146
7447,537
7448,691
7449,106
7450,247
7451,331
7452,220
7453,510
7454,149
7455,681
7456,731
7457,903
7458,963
7459,417
7460,641
7461,517
7462,248
7463,854
7464,462
7465,95
7466,602
7467,676
7468,833
7469,678
7470,588
7471,169
7472,711
7473,837
7474,698
7475,173
7476,142
7477,91
7478,87
7479,774
7480,529
7481,924
7482,60
7483,931
7484,179
7485,164
7486,963
7487,55
7488,452
7489,16
7490,171
7491,258
7492,706
7493,751
7494,42
7495,769
7496,19
7497,976
7498,553
7499,44
7500,978
7501,186
7502,300
7503,786
7504,236
7505,635
7506,396
7507,89
7508,211
7509,26
7510,925
7511,829
7512,846
7513,296
7514,653
7515,815
7516,590
7517,993
7518,259
7519,524
7520,691
7521,337
7522,794
7523,926
7524,695
7525,34
7526,694
7527,424
7528,910
7529,882
7530,570
7531,256
7532,237
7533,865
7534,981
7535,782
7536,433
7537,1
7538,592
7539,977
7540,287
7541,247
7542,609
7543,807
7544,336
7545,472
7546,710
7547,459
7548,987
7549,402
7550,204
7551,1
7552,765
7553,816
7554,710
7555,219
7556,788
7557,66
7558,609
7559,797
7560,478
7561,921
7562,913
7563,414
7564,601
7565,796
7566,351
7567,270
7568,496
7569,100
7570,788
7571,96
7572,840
7573,727
7574,384
7575,915
7576,826
7577,548
7578,628
7579,727
7580,882
7581,406
7582,588
7583,337
7584,738
7585,463
7586,754
7587,684
7588,970
7589,97
7590,72
7591,339
7592,34
7593,751
7594,401
7595,108
7596,661
7597,384
7598,577
7599,318
7600,43
7601,891
7602,174
7603,524
7604,678
7605,591
7606,885
7607,490
7608,611
7609,908
7610,650
7611,697
7612,896
7613,175
7614,746
7615,67
7616,919
7617,716
7618,833
7619,150
7620,371
7621,91
7622,115
7623,76
7624,790
7625,328
7626,964
7627,575
7628,737
7629,470
7630,591
7631,679
7632,833
7633,276
7634,933
7635,295
7636,147
7637,435
7638,136
7639,368
7640,538
7641,636
7642,305
7643,253
7644,193
7645,756
7646,733
7647,527
7648,155
7649,706
7650,192
7651,39
7652,390
7653,205
7654,952
7655,509
7656,432
7657,829
7658,667
7659,476
7660,730
7661,223
7662,115
7663,464
7664,132
7665,29
7666,706
7667,228
7668,20
7669,842
7670,27
7671,429
7672,470
7673,422
7674,344
7675,466
7676,421
7677,930
7678,956
7679,535
7680,177
7681,399
7682,639
7683,324
7684,616
7685,794
7686,245
7687,920
7688,50
7689,900
7690,735
7691,989
7692,164
7693,694
7694,406
7695,398
7696,538
7697,987
7698,128
7699,597
7700,307
7701,652
7702,409
7703,106
7704,715
7705,998
7706,374
7707,221
7708,47
7709,839
7710,716
7711,813
7712,91
7713,759
7714,750
7715,63
7716,187
7717,922
7718,212
7719,649
7720,673
7721,315
7722,944
7723,686
7724,169
7725,100
7726,302
7727,404
7728,320
7729,687
7730,851
7731,458
7732,835
7733,96
7734,801
7735,269
7736,100
7737,643
7738,800
7739,127
7740,117
7741,297
7742,24
7743,898
7744,442
7745,431
7746,307
7747,134
7748,496
7749,755
7750,851
7751,773
7752,627
7753,696
7754,642
7755,81
7756,843
7757,340
7758,13
7759,322
7760,937
7761,339
7762,981
7763,708
7764,905
7765,733
7766,114
7767,749
7768,824
7769,512
7770,498
7771,858
7772,415
7773,646
7774,728
7775,598
7776,512
7777,817
7778,521
7779,702
7780,110
7781,765
7782,163
7783,736
7784,211
7785,665
7786,53
7787,154
7788,443
7789,860
7790,581
7791,539
7792,992
7793,57
7794,347
7795,256
7796,828
7797,446
7798,898
7799,52
7800,509
7801,626
7802,820
7803,871
7804,993
7805,251
7806,402
7807,702
7808,529
7809,634
7810,744
7811,323
7812,494
7813,651
7814,543
7815,802
7816,393
7817,117
7818,47
7819,616
7820,749
7821,337
7822,784
7823,29
7824,223
7825,215
7826,247
7827,572
7828,392
7829,683
7830,192
7831,732
7832,797
7833,694
7834,91
7835,103
7836,841
7837,887
7838,833
7839,65
7840,75
7841,370
7842,451
7843,883
7844,170
7845,760
7846,478
7847,823
7848,696
7849,745
7850,322
7851,149
7852,550
7853,397
7854,627
7855,944
7856,372
7857,639
7858,748
7859,718
7860,23
7861,217
7862,563
7863,255
7864,323
7865,182
7866,271
7867,771
7868,129
7869,555
7870,396
7871,701
7872,104
7873,130
7874,871
7875,293
7876,317
7877,351
7878,766
7879,301
7880,619
7881,788
7882,382
7883,14
7884,409
7885,50
7886,328
7887,832
7888,140
7889,450
7890,737
7891,447
7892,342
7893,894
7894,572
7895,64
7896,739
7897,174
7898,886
7899,448
7900,340
7901,480
7902,435
7903,38
7904,755
7905,700
7906,624
7907,224
7908,795
7909,4
7910,548
7911,244
7912,945
7913,834
7914,432
7915,226
7916,477
7917,764
7918,181
7919,146
7920,85
7921,613
7922,27
7923,851
7924,417
7925,429
7926,687
7927,388
7928,42
7929,75
7930,981
7931,342
7932,63
7933,539
7934,117
7935,44
7936,309
7937,244
7938,821
7939,96
7940,1
7941,810
7942,700
7943,300
7944,341
7945,982
7946,978
7947,478
7948,607
7949,428
7950,471
7951,886
7952,771
7953,605
7954,920
7955,34
7956,960
7957,144
7958,312
7959,327
7960,414
7961,645
7962,324
7963,6
7964,637
7965,190
7966,466
7967,523
7968,448
7969,250
7970,370
7971,624
7972,390
7973,56
7974,760
7975,237
7976,873
7977,28
7978,549
7979,807
7980,671
7981,914
7982,249
7983,411
7984,570
7985,495
7986,677
7987,554
7988,266
7989,514
7990,265
7991,416
7992,869
7993,587
7994,797
7995,992
7996,328
7997,28
7998,982
7999,335
8000,751
8001,770
8002,801
8003,957
8004,652
8005,588
8006,152
8007,264
8008,915
8009,336
8010,322
8011,646
8012,650
8013,346
8014,167
8015,252
8016,636
8017,482
8018,406
8019,247
8020,387
8021,757
8022,231
8023,498
8024,526
8025,833
8026,18
8027,588
8028,945
8029,54
8030,881
8031,266
8032,444
8033,898
8034,438
8035,962
8036,557
8037,417
8038,448
8039,998
8040,258
8041,639
8042,902
8043,786
8044,886
8045,892
8046,562
8047,594
8048,928
8049,716
8050,171
8051,937
8052,289
8053,256
8054,257
8055,516
8056,894
8057,764
8058,638
8059,655
8060,84
8061,219
8062,849
8063,882
8064,302
8065,845
8066,111
8067,717
8068,713
8069,840
8070,307
8071,830
8072,843
8073,551
8074,294
8075,497
8076,992
8077,101
8078,565
8079,787
8080,107
8081,928
8082,611
8083,15
8084,558
8085,178
8086,597
8087,873
8088,120
8089,624
8090,213
8091,267
8092,978
8093,917
8094,640
8095,808
8096,800
8097,468
8098,16
8099,377
8100,123
8101,484
8102,419
8103,940
8104,18
8105,378
8106,722
8107,320
8108,324
8109,192
8110,226
8111,895
8112,3
8113,986
8114,373
8115,508
8116,893
8117,374
8118,14
8119,282
8120,262
8121,531
8122,463
8123,722
8124,148
8125,273
8126,779
8127,278
8128,186
8129,14
8130,762
8131,702
8132,263
8133,535
8134,316
8135,180
8136,627
8137,786
8138,962
8139,744
8140,813
8141,205
8142,698
8143,400
8144,867
8145,423
8146,516
8147,264
8148,269
8149,574
8150,285
8151,335
8152,917
8153,426
8154,795
8155,420
8156,688
8157,115
8158,519
8159,743
8160,559
8161,725
8162,856
8163,727
8164,635
8165,99
8166,972
8167,386
8168,728
8169,53
8170,566
8171,607
8172,549
8173,99
8174,548
8175,360
8176,302
8177,855
8178,839
8179,475
8180,64
8181,273
8182,774
8183,870
8184,731
8185,835
8186,756
8187,519
8188,112
8189,974
8190,341
8191,339
8192,443
8193,305
8194,749
8195,307
8196,599
8197,631
8198,856
8199,170
8200,964
8201,922
8202,36
8203,149
8204,46
8205,748
8206,453
8207,641
8208,997
8209,50
8210,22
8211,258
8212,989
8213,214
8214,158
8215,419
8216,963
8217,129
8218,487
8219,554
8220,89
8221,950
8222,507
8223,595
8224,722
8225,458
8226,193
8227,457
8228,384
8229,776
8230,332
8231,366
8232,526
8233,702
8234,676
8235,445
8236,909
8237,914
8238,161
8239,281
8240,699
8241,486
8242,775
8243,334
8244,451
8245,488
8246,797
8247,196
8248,567
8249,959
8250,445
8251,90
8252,182
8253,189
8254,864
8255,965
8256,269
8257,441
8258,645
8259,699
8260,769
8261,945
8262,890
8263,238
8264,695
8265,625
8266,205
8267,760
8268,445
8269,568
8270,577
8271,578
8272,484
8273,40
8274,562
8275,977
8276,79
8277,450
8278,229
8279,729
8280,235
8281,654
8282,290
8283,215
8284,548
8285,830
8286,720
8287,62
8288,532
8289,98
8290,613
8291,505
8292,732
8293,944
8294,469
8295,655
8296,100
8297,551
8298,693
8299,642
8300,794
8301,224
8302,424
8303,242
8304,858
8305,753
8306,895
8307,253
8308,974
8309,358
8310,829
8311,85
8312,459
8313,987
8314,456
8315,933
8316,295
8317,311
8318,582
8319,43
8320,474
8321,670
8322,805
8323,877
8324,127
8325,264
8326,833
8327,221
8328,537
8329,672
8330,722
8331,486
8332,610
8333,921
8334,320
8335,310
8336,722
8337,729
8338,139
8339,105
8340,638
8341,609
8342,485
8343,859
8344,740
8345,28
8346,727
8347,76
8348,723
8349,893
8350,224
8351,167
8352,794
8353,416
8354,652
8355,723
8356,523
8357,379
8358,435
8359,63
8360,735
8361,31
8362,267
8363,485
8364,403
8365,668
8366,468
8367,622
8368,84
8369,756
8370,301
8371,78
8372,398
8373,313
8374,185
8375,316
8376,846
8377,843
8378,259
8379,292
8380,501
8381,916
8382,771
8383,519
8384,793
8385,922
8386,218
8387,969
8388,956
8389,520
8390,527
8391,702
8392,954
8393,534
8394,126
8395,727
8396,682
8397,640
8398,603
8399,963
8400,638
8401,921
8402,258
8403,35
8404,601
8405,803
8406,559
8407,382
8408,205
8409,65
8410,12
8411,276
8412,242
8413,898
8414,156
8415,412
8416,852
8417,501
8418,769
8419,840
8420,116
8421,446
8422,452
8423,154
8424,476
8425,314
8426,228
8427,564
8428,893
8429,563
8430,878
8431,957
8432,516
8433,222
8434,210
8435,783
8436,505
8437,933
8438,402
8439,64
8440,990
8441,752
8442,612
8443,83
8444,34
8445,574
8446,29
8447,585
8448,18
8449,982
8450,271
8451,755
8452,813
8453,667
8454,745
8455,24
8456,469
8457,417
8458,213
8459,486
8460,736
8461,623
8462,907
8463,18
8464,633
8465,11
8466,230
8467,870
8468,599
8469,498
8470,960
8471,155
8472,286
8473,805
8474,864
8475,20
8476,126
8477,793
8478,668
8479,641
8480,373
8481,896
8482,298
8483,753
8484,586
8485,844
8486,801
8487,696
8488,171
8489,486
8490,786
8491,869
8492,106
8493,74
8494,466
8495,494
8496,399
8497,635
8498,213
8499,703
8500,918
8501,759
8502,212
8503,549
8504,377
8505,768
8506,858
8507,161
8508,833
8509,688
8510,161
8511,79
8512,155
8513,794
8514,744
8515,206
8516,380
8517,950
8518,198
8519,605
8520,338
8521,99
8522,634
8523,951
8524,239
8525,101
8526,608
8527,554
8528,50
8529,718
8530,282
8531,518
8532,9
8533,810
8534,900
8535,754
8536,57
8537,924
8538,224
8539,350
8540,828
8541,247
8542,650
8543,303
8544,555
8545,462
8546,928
8547,121
8548,415
8549,149
8550,770
8551,691
8552,529
8553,587
8554,674
8555,484
8556,826
8557,791
8558,732
8559,430
8560,578
8561,987
8562,831
8563,813
8564,38
8565,721
8566,213
8567,202
8568,53
8569,500
8570,241
8571,660
8572,415
8573,138
8574,35
8575,837
8576,127
8577,966
8578,657
8579,665
8580,194
8581,329
8582,87
8583,705
8584,267
8585,943
8586,456
8587,403
8588,333
8589,237
8590,275
8591,486
8592,281
8593,705
8594,591
8595,221
8596,296
8597,22
8598,649
8599,539
8600,978
8601,40
8602,631
8603,931
8604,99
8605,790
8606,166
8607,657
8608,613
8609,311
8610,721
8611,183
8612,942
8613,203
8614,191
8615,814
8616,568
8617,811
8618,221
8619,948
8620,237
8621,15
8622,776
8623,172
8624,230
8625,911
8626,770
8627,958
8628,403
8629,126
8630,344
8631,215
8632,700
8633,824
8634,128
8635,788
8636,724
8637,316
8638,243
8639,415
8640,82
8641,3
8642,369
8643,658
8644,639
8645,525
8646,679
8647,985
8648,316
8649,605
8650,849
8651,89
8652,356
8653,53
8654,487
8655,674
8656,209
8657,269
8658,694
8659,651
8660,26
8661,273
8662,563
8663,81
8664,118
8665,717
8666,956
8667,78
8668,49
8669,252
8670,865
8671,723
8672,381
8673,599
8674,768
8675,761
8676,261
8677,868
8678,434
8679,651
8680,60
8681,782
8682,794
8683,147
8684,556
8685,926
8686,628
8687,510
8688,686
8689,494
8690,596
8691,975
8692,446
8693,908
8694,15
8695,832
8696,80
8697,676
8698,886
8699,470
8700,755
8701,514
8702,400
8703,57
8704,223
8705,431
8706,841
8707,853
8708,924
8709,210
8710,704
8711,852
8712,273
8713,430
8714,859
8715,585
8716,627
8717,531
8718,193
8719,102
8720,990
8721,330
8722,73
8723,811
8724,913
8725,258
8726,703
8727,378
8728,820
8729,243
8730,308
8731,385
8732,676
8733,41
8734,910
8735,249
8736,189
8737,449
8738,229
8739,996
8740,263
8741,991
8742,966
8743,843
8744,273
8745,842
8746,264
8747,710
8748,660
8749,905
8750,105
8751,991
8752,207
8753,898
8754,820
8755,545
8756,921
8757,807
8758,553
8759,798
8760,890
8761,749
8762,433
8763,402
8764,950
8765,606
8766,346
8767,216
8768,890
8769,73
8770,258
8771,672
8772,979
8773,856
8774,325
8775,863
8776,84
8777,603
8778,443
8779,30
8780,920
8781,45
8782,693
8783,762
8784,688
8785,596
8786,635
8787,248
8788,858
8789,685
8790,318
8791,159
8792,509
8793,268
8794,487
8795,587
8796,541
8797,535
8798,255
8799,178
8800,283
8801,171
8802,770
8803,275
8804,450
8805,291
8806,794
8807,541
8808,698
8809,353
8810,486
8811,508
8812,68
8813,785
8814,635
8815,69
8816,759
8817,957
8818,208
8819,165
8820,682
8821,454
8822,514
8823,941
8824,643
8825,242
8826,949
8827,784
8828,323
8829,786
8830,34
8831,599
8832,852
8833,501
8834,597
8835,239
8836,361
8837,637
8838,631
8839,287
8840,298
8841,879
8842,64
8843,424
8844,790
8845,417
8846,536
8847,983
8848,509
8849,838
8850,328
8851,319
8852,381
8853,780
8854,860
8855,228
8856,157
8857,34
8858,930
8859,908
8860,414
8861,622
8862,543
8863,142
8864,949
8865,628
8866,330
8867,333
8868,159
8869,299
8870,423
8871,729
8872,687
8873,7
8874,821
8875,290
8876,641
8877,465
8878,268
8879,311
8880,421
8881,780
8882,682
8883,238
8884,661
8885,914
8886,388
8887,294
8888,889
8889,127
8890,786
8891,310
8892,239
8893,208
8894,447
8895,506
8896,320
8897,868
8898,725
8899,898
8900,667
8901,593
8902,881
8903,421
8904,685
8905,114
8906,553
8907,889
8908,415
8909,779
8910,191
8911,911
8912,302
8913,222
8914,252
8915,482
8916,950
8917,280
8918,315
8919,656
8920,980
8921,581
8922,87
8923,228
8924,207
8925,824
8926,846
8927,170
8928,918
8929,194
8930,939
8931,362
8932,46
8933,723
8934,823
8935,120
8936,416
8937,650
8938,926
8939,281
8940,830
8941,925
8942,760
8943,6
8944,788
8945,916
8946,615
8947,21
8948,500
8949,349
8950,949
8951,177
8952,84
8953,102
8954,882
8955,436
8956,863
8957,648
8958,970
8959,586
8960,943
8961,780
8962,154
8963,606
8964,827
8965,340
8966,32
8967,538
8968,509
8969,3
8970,672
8971,719
8972,969
8973,171
8974,621
8975,177
8976,34
8977,601
8978,495
8979,448
8980,968
8981,489
8982,822
8983,215
8984,561
8985,573
8986,261
8987,157
8988,814
8989,384
8990,920
8991,221
8992,337
8993,177
8994,985
8995,499
8996,143
8997,205
8998,308
8999,722
9000,395
9001,708
9002,82
9003,130
9004,828
9005,704
9006,783
9007,809
9008,928
9009,662
9010,575
9011,817
9012,963
9013,303
9014,196
9015,814
9016,389
9017,54
9018,854
9019,257
9020,331
9021,117
9022,601
9023,762
9024,401
9025,620
9026,218
9027,41
9028,730
9029,895
9030,972
9031,818
9032,255
9033,780
9034,80
9035,887
9036,527
9037,445
9038,363
9039,425
9040,628
9041,699
9042,764
9043,112
9044,848
9045,93
9046,79
9047,384
9048,805
9049,869
9050,249
9051,624
9052,908
9053,330
9054,380
9055,511
9056,11
9057,342
9058,818
9059,833
9060,540
9061,398
9062,702
9063,357
9064,800
9065,804
9066,562
9067,213
9068,155
9069,126
9070,373
9071,806
9072,202
9073,517
9074,27
9075,470
9076,835
9077,520
9078,744
9079,924
9080,617
9081,115
9082,333
9083,678
9084,399
9085,793
9086,977
9087,948
9088,111
9089,298
9090,952
9091,809
9092,986
9093,481
9094,484
9095,138
9096,888
9097,833
9098,359
9099,916
9100,50
9101,355
9102,531
9103,946
9104,110
9105,81
9106,882
9107,759
9108,770
9109,444
9110,37
9111,758
9112,58
9113,229
9114,390
9115,937
9116,485
9117,550
9118,857
9119,623
9120,523
9121,504
9122,672
9123,132
9124,850
9125,78
9126,403
9127,897
9128,803
9129,369
9130,693
9131,766
9132,252
9133,346
9134,390
9135,71
9136,623
9137,107
9138,678
9139,109
9140,281
9141,947
9142,631
9143,814
9144,0
9145,624
9146,359
9147,795
9148,686
9149,315
9150,748
9151,96
9152,305
9153,998
9154,910
9155,728
9156,16
9157,828
9158,547
9159,580
9160,845
9161,781
9162,513
9163,148
9164,857
9165,979
9166,326
9167,953
9168,775
9169,288
9170,181
9171,165
9172,204
9173,939
9174,909
9175,339
9176,215
9177,19
9178,278
9179,976
9180,125
9181,843
9182,923
9183,609
9184,977
9185,830
9186,764
9187,378
9188,466
9189,17
9190,9
9191,155
9192,58
9193,677
9194,332
9195,843
9196,787
9197,149
9198,290
9199,52
9200,4
9201,98
9202,11
9203,788
9204,930
9205,181
9206,79
9207,78
9208,719
9209,326
9210,983
9211,350
9212,775
9213,611
9214,854
9215,150
9216,625
9217,907
9218,157
9219,548
9220,330
9221,901
9222,292
9223,13
9224,417
9225,249
9226,306
9227,873
9228,79
9229,786
9230,622
9231,762
9232,899
9233,762
9234,356
9235,189
9236,764
9237,139
9238,816
9239,448
9240,680
9241,871
9242,409
9243,220
9244,926
9245,321
9246,145
9247,666
9248,753
9249,702
9250,145
9251,115
9252,101
9253,610
9254,573
9255,149
9256,660
9257,974
9258,956
9259,245
9260,560
9261,281
9262,946
9263,940
9264,29
9265,972
9266,376
9267,961
9268,319
9269,824
9270,737
9271,43
9272,517
9273,198
9274,459
9275,418
9276,780
9277,351
9278,950
9279,668
9280,709
9281,40
9282,65
9283,924
9284,318
9285,126
9286,311
9287,967
9288,215
9289,166
9290,621
9291,948
9292,656
9293,374
9294,833
9295,932
9296,587
9297,355
9298,73
9299,405
9300,397
9301,963
9302,495
9303,8
9304,564
9305,547
9306,897
9307,49
9308,429
9309,884
9310,405
9311,629
9312,31
9313,55
9314,252
9315,46
9316,794
9317,371
9318,858
9319,626
9320,475
9321,126
9322,836
9323,22
9324,891
9325,928
9326,123
9327,819
9328,517
9329,952
9330,304
9331,773
9332,860
9333,317
9334,223
9335,176
9336,836
9337,74
9338,574
9339,682
9340,503
9341,453
9342,831
9343,815
9344,88
9345,826
9346,326
9347,441
9348,835
9349,589
9350,461
9351,484
9352,979
9353,898
9354,394
9355,651
9356,207
9357,364
9358,798
9359,241
9360,34
9361,467
9362,391
9363,730
9364,436
9365,978
9366,855
9367,582
9368,169
9369,153
9370,757
9371,158
9372,28
9373,631
9374,8
9375,74
9376,20
9377,177
9378,919
9379,693
9380,871
9381,535
9382,124
9383,355
9384,528
9385,118
9386,960
9387,986
9388,984
9389,776
9390,302
9391,479
9392,999
9393,325
9394,328
9395,747
9396,594
9397,957
9398,589
9399,802
9400,657
9401,922
9402,169
9403,898
9404,961
9405,901
9406,181
9407,585
9408,263
9409,141
9410,892
9411,576
9412,528
9413,323
9414,861
9415,596
9416,892
9417,799
9418,550
9419,869
9420,367
9421,784
9422,861
9423,961
9424,134
9425,444
9426,365
9427,975
9428,860
9429,37
9430,599
9431,116
9432,844
9433,944
9434,742
9435,874
9436,606
9437,558
9438,818
9439,112
9440,472
9441,408
9442,757
9443,778
9444,703
9445,370
9446,589
9447,963
9448,654
9449,710
9450,210
9451,312
9452,84
9453,397
9454,879
9455,559
9456,198
9457,34
9458,548
9459,83
9460,706
9461,681
9462,387
9463,681
9464,748
9465,293
9466,373
9467,74
9468,613
9469,567
9470,883
9471,717
9472,935
9473,244
9474,807
9475,608
9476,634
9477,359
9478,93
9479,913
9480,724
9481,908
9482,475
9483,993
9484,55
9485,672
9486,380
9487,186
9488,279
9489,423
9490,796
9491,796
9492,242
9493,561
9494,843
9495,361
9496,956
9497,138
9498,492
9499,590
9500,803
9501,399
9502,360
9503,853
9504,657
9505,362
9506,762
9507,396
9508,881
9509,218
9510,678
9511,579
9512,275
9513,860
9514,953
9515,394
9516,679
9517,599
9518,18
9519,936
9520,452
9521,436
9522,685
9523,264
9524,996
9525,189
9526,202
9527,283
9528,444
9529,991
9530,316
9531,764
9532,6
9533,951
9534,336
9535,764
9536,521
9537,874
9538,217
9539,258
9540,560
9541,104
9542,6
9543,346
9544,116
9545,579
9546,954
9547,233
9548,865
9549,932
9550,108
9551,847
9552,14
9553,268
9554,558
9555,979
9556,804
9557,415
9558,806
9559,357
9560,314
9561,421
9562,87
9563,486
9564,32
9565,676
9566,18
9567,151
9568,45
9569,577
9570,651
9571,896
9572,514
9573,852
9574,979
9575,200
9576,615
9577,58
9578,923
9579,450
9580,439
9581,806
9582,311
9583,281
9584,780
9585,50
9586,723
9587,333
9588,480
9589,346
9590,280
9591,533
9592,590
9593,687
9594,61
9595,974
9596,512
9597,743
9598,363
9599,822
9600,340
9601,331
9602,906
9603,388
9604,658
9605,58
9606,115
9607,266
9608,175
9609,313
9610,585
9611,129
9612,393
9613,555
9614,186
9615,717
9616,736
9617,971
9618,354
9619,719
9620,432
9621,750
9622,943
9623,59
9624,730
9625,183
9626,465
9627,347
9628,248
9629,120
9630,18
9631,165
9632,355
9633,103
9634,635
9635,869
9636,111
9637,180
9638,701
9639,570
9640,641
9641,30
9642,513
9643,993
9644,399
9645,360
9646,786
9647,484
9648,484
9649,189
9650,883
9651,910
9652,944
9653,441
9654,482
9655,688
9656,828
9657,653
9658,243
9659,512
9660,570
9661,853
9662,326
9663,872
9664,270
9665,508
9666,227
9667,942
9668,426
9669,803
9670,303
9671,841
9672,128
9673,954
9674,422
9675,790
9676,513
9677,342
9678,812
9679,602
9680,173
9681,331
9682,845
9683,513
9684,34
9685,954
9686,327
9687,912
9688,161
9689,779
9690,764
9691,288
9692,548
9693,799
9694,602
9695,703
9696,91
9697,954
9698,603
9699,288
9700,241
9701,178
9702,845
9703,767
9704,171
9705,723
9706,914
9707,931
9708,723
9709,460
9710,312
9711,5
9712,291
9713,149
9714,793
9715,849
9716,149
9717,944
9718,849
9719,626
9720,719
9721,550
9722,745
9723,582
9724,880
9725,324
9726,419
9727,285
9728,217
9729,523
9730,228
9731,831
9732,738
9733,320
9734,244
9735,998
9736,605
9737,544
9738,845
9739,157
9740,308
9741,30
9742,877
9743,821
9744,605
9745,228
9746,53
9747,90
9748,762
9749,415
9750,254
9751,23
9752,141
9753,937
9754,744
9755,750
9756,417
9757,256
9758,647
9759,743
9760,739
9761,636
9762,879
9763,387
9764,335
9765,356
9766,831
9767,215
9768,183
9769,538
9770,692
9771,529
9772,22
9773,190
9774,365
9775,125
9776,255
9777,313
9778,840
9779,467
9780,124
9781,74
9782,907
9783,35
9784,449
9785,639
9786,0
9787,801
9788,288
9789,652
9790,181
9791,585
9792,355
9793,429
9794,91
9795,915
9796,257
9797,788
9798,439
9799,304
9800,349
9801,236
9802,208
9803,729
9804,67
9805,997
9806,33
9807,895
9808,46
9809,224
9810,513
9811,48
9812,572
9813,672
9814,352
9815,409
9816,232
9817,843
9818,259
9819,795
9820,204
9821,196
9822,959
9823,155
9824,399
9825,948
9826,8
9827,423
9828,374
9829,338
9830,954
9831,740
9832,934
9833,815
9834,101
9835,491
9836,743
9837,981
9838,921
9839,867
9840,811
9841,991
9842,494
9843,295
9844,48
9845,645
9846,8
9847,939
9848,580
9849,131
9850,568
9851,141
9852,544
9853,536
9854,605
9855,816
9856,294
9857,295
9858,825
9859,549
9860,920
9861,27
9862,651
9863,454
9864,107
9865,951
9866,590
9867,967
9868,352
9869,539
9870,914
9871,621
9872,959
9873,581
9874,773
9875,333
9876,394
9877,432
9878,573
9879,201
9880,934
9881,478
9882,595
9883,111
9884,964
9885,926
9886,974
9887,572
9888,203
9889,788
9890,343
9891,901
9892,188
9893,260
9894,129
9895,353
9896,615
9897,912
9898,40
9899,493
9900,513
9901,274
9902,237
9903,29
9904,674
9905,98
9906,153
9907,52
9908,935
9909,68
9910,1
9911,341
9912,861
9913,393
9914,559
9915,653
9916,632
9917,386
9918,494
9919,161
9920,804
9921,962
9922,563
9923,787
9924,666
9925,572
9926,868
9927,452
9928,458
9929,501
9930,470
9931,908
9932,946
9933,977
9934,29
9935,86
9936,182
9937,477
9938,558
9939,818
9940,824
9941,552
9942,424
9943,666
9944,252
9945,803
9946,922
9947,542
9948,842
9949,716
9950,828
9951,599
9952,810
9953,457
9954,385
9955,277
9956,739
9957,838
9958,47
9959,436
9960,708
9961,540
9962,617
9963,298
9964,987
9965,88
9966,53
9967,402
9968,994
9969,786
9970,966
9971,80
9972,381
9973,744
9974,984
9975,262
9976,912
9977,754
9978,688
9979,854
9980,835
9981,389
9982,706
9983,289
9984,94
9985,41
9986,399
9987,685
9988,636
9989,572
9990,463
9991,840
9992,821
9993,453
9994,569
9995,12
9996,410
9997,345
9998,854
9999,729
